init,city_id,city_name,market,stadium_area,city_lat,city_lon,grid_i,grid_j,grid_lat,grid_lon,record,lead_hour,valid_time,product_id,product_label,units,nearest_value,box_min,box_mean,box_median,box_max,box_p90,n_finite_5x5,is_sample_data
2026072200,miami_gardens,Miami / Miami Gardens,Miami / Miami Gardens,Hard Rock Stadium area,25.958,-80.2389,104,187,26.0,-80.25,0,12,2026-07-22 12:00 UTC,expected_precip,Expected precipitation,mm per 12h,1.7252309322357178,0.7566898465156555,1.2569530137947627,1.1711583137512207,2.1269290447235107,1.8066108822822573,14,False
2026072200,miami_gardens,Miami / Miami Gardens,Miami / Miami Gardens,Hard Rock Stadium area,25.958,-80.2389,104,187,26.0,-80.25,1,18,2026-07-22 18:00 UTC,expected_precip,Expected precipitation,mm per 12h,2.0057272911071777,0.5273797512054443,1.3026199213096075,1.2470858097076416,2.361081838607788,1.9378560304641725,14,False
2026072200,miami_gardens,Miami / Miami Gardens,Miami / Miami Gardens,Hard Rock Stadium area,25.958,-80.2389,104,187,26.0,-80.25,2,24,2026-07-23 00:00 UTC,expected_precip,Expected precipitation,mm per 12h,0.9783529043197632,0.7554520964622498,1.7760163630758012,1.857093870639801,3.4569990634918213,2.7638785600662232,14,False
2026072200,miami_gardens,Miami / Miami Gardens,Miami / Miami Gardens,Hard Rock Stadium area,25.958,-80.2389,104,187,26.0,-80.25,3,30,2026-07-23 06:00 UTC,expected_precip,Expected precipitation,mm per 12h,0.5506567358970642,0.39562636613845825,1.4633487846170152,1.3980882167816162,3.351273775100708,2.498199033737183,14,False
2026072200,miami_gardens,Miami / Miami Gardens,Miami / Miami Gardens,Hard Rock Stadium area,25.958,-80.2389,104,187,26.0,-80.25,4,36,2026-07-23 12:00 UTC,expected_precip,Expected precipitation,mm per 12h,0.08687669783830643,0.06680481135845184,0.18697458771722658,0.15365339815616608,0.40832239389419556,0.3637660473585129,14,False
2026072200,miami_gardens,Miami / Miami Gardens,Miami / Miami Gardens,Hard Rock Stadium area,25.958,-80.2389,104,187,26.0,-80.25,5,42,2026-07-23 18:00 UTC,expected_precip,Expected precipitation,mm per 12h,1.094412922859192,0.6043168306350708,1.0687093096120017,0.9725110232830048,1.7951308488845825,1.6040019154548646,14,False
2026072200,miami_gardens,Miami / Miami Gardens,Miami / Miami Gardens,Hard Rock Stadium area,25.958,-80.2389,104,187,26.0,-80.25,6,48,2026-07-24 00:00 UTC,expected_precip,Expected precipitation,mm per 12h,1.6029363870620728,1.0511878728866577,1.523673611027854,1.5320966839790344,2.0705726146698,1.925305223464966,14,False
2026072200,miami_gardens,Miami / Miami Gardens,Miami / Miami Gardens,Hard Rock Stadium area,25.958,-80.2389,104,187,26.0,-80.25,7,54,2026-07-24 06:00 UTC,expected_precip,Expected precipitation,mm per 12h,1.448616862297058,0.5743451118469238,1.211570646081652,1.1916226744651794,1.9029849767684937,1.7317715883255007,14,False
2026072200,miami_gardens,Miami / Miami Gardens,Miami / Miami Gardens,Hard Rock Stadium area,25.958,-80.2389,104,187,26.0,-80.25,8,60,2026-07-24 12:00 UTC,expected_precip,Expected precipitation,mm per 12h,1.988694429397583,0.47276750206947327,1.518265045114926,1.6186406016349792,2.655489206314087,2.490176415443421,14,False
2026072200,miami_gardens,Miami / Miami Gardens,Miami / Miami Gardens,Hard Rock Stadium area,25.958,-80.2389,104,187,26.0,-80.25,9,66,2026-07-24 18:00 UTC,expected_precip,Expected precipitation,mm per 12h,2.8473801612854004,2.079143524169922,2.7059480462755476,2.7087700366973877,3.297029972076416,3.065880537033081,14,False
2026072200,miami_gardens,Miami / Miami Gardens,Miami / Miami Gardens,Hard Rock Stadium area,25.958,-80.2389,104,187,26.0,-80.25,10,72,2026-07-25 00:00 UTC,expected_precip,Expected precipitation,mm per 12h,2.3006491661071777,1.784258484840393,3.003147917134421,2.9943912029266357,4.470284461975098,3.9486727952957152,14,False
2026072200,miami_gardens,Miami / Miami Gardens,Miami / Miami Gardens,Hard Rock Stadium area,25.958,-80.2389,104,187,26.0,-80.25,11,78,2026-07-25 06:00 UTC,expected_precip,Expected precipitation,mm per 12h,2.175971269607544,1.80973482131958,2.578195537839617,2.455085873603821,3.750601053237915,3.2095272541046143,14,False
2026072200,miami_gardens,Miami / Miami Gardens,Miami / Miami Gardens,Hard Rock Stadium area,25.958,-80.2389,104,187,26.0,-80.25,12,84,2026-07-25 12:00 UTC,expected_precip,Expected precipitation,mm per 12h,3.6414027214050293,2.185947895050049,3.1340350253241405,3.0300296545028687,4.149923801422119,3.989253807067872,14,False
2026072200,miami_gardens,Miami / Miami Gardens,Miami / Miami Gardens,Hard Rock Stadium area,25.958,-80.2389,104,187,26.0,-80.25,13,90,2026-07-25 18:00 UTC,expected_precip,Expected precipitation,mm per 12h,3.564952850341797,1.897240400314331,3.067422764641898,3.1672831773757935,3.812323570251465,3.717729711532593,14,False
2026072200,miami_gardens,Miami / Miami Gardens,Miami / Miami Gardens,Hard Rock Stadium area,25.958,-80.2389,104,187,26.0,-80.25,14,96,2026-07-26 00:00 UTC,expected_precip,Expected precipitation,mm per 12h,2.7064950466156006,1.7990422248840332,3.5029118231364658,3.305456280708313,5.282197952270508,5.062120342254639,14,False
2026072200,miami_gardens,Miami / Miami Gardens,Miami / Miami Gardens,Hard Rock Stadium area,25.958,-80.2389,104,187,26.0,-80.25,15,102,2026-07-26 06:00 UTC,expected_precip,Expected precipitation,mm per 12h,2.853320598602295,1.9335734844207764,3.802347847393581,3.5913976430892944,6.004545211791992,5.3638957977294925,14,False
2026072200,miami_gardens,Miami / Miami Gardens,Miami / Miami Gardens,Hard Rock Stadium area,25.958,-80.2389,104,187,26.0,-80.25,16,108,2026-07-26 12:00 UTC,expected_precip,Expected precipitation,mm per 12h,2.4715416431427,1.61471426486969,2.35117997441973,2.3876184225082397,3.0389726161956787,2.788554620742798,14,False
2026072200,miami_gardens,Miami / Miami Gardens,Miami / Miami Gardens,Hard Rock Stadium area,25.958,-80.2389,104,187,26.0,-80.25,17,114,2026-07-26 18:00 UTC,expected_precip,Expected precipitation,mm per 12h,2.8517487049102783,2.385307550430298,2.7733106783458163,2.7199755907058716,3.458411931991577,3.1861407995224,14,False
2026072200,miami_gardens,Miami / Miami Gardens,Miami / Miami Gardens,Hard Rock Stadium area,25.958,-80.2389,104,187,26.0,-80.25,18,120,2026-07-27 00:00 UTC,expected_precip,Expected precipitation,mm per 12h,4.852889060974121,4.114583969116211,5.064450808933803,5.260037422180176,5.608033657073975,5.530553913116456,14,False
2026072200,miami_gardens,Miami / Miami Gardens,Miami / Miami Gardens,Hard Rock Stadium area,25.958,-80.2389,104,187,26.0,-80.25,19,126,2026-07-27 06:00 UTC,expected_precip,Expected precipitation,mm per 12h,5.501850605010986,4.444083213806152,5.241553510938372,5.345661401748657,5.785253524780273,5.690244436264038,14,False
2026072200,miami_gardens,Miami / Miami Gardens,Miami / Miami Gardens,Hard Rock Stadium area,25.958,-80.2389,104,187,26.0,-80.25,20,132,2026-07-27 12:00 UTC,expected_precip,Expected precipitation,mm per 12h,4.378405570983887,3.2950589656829834,3.973459414073399,3.9409239292144775,4.658836841583252,4.5161436080932615,14,False
2026072200,miami_gardens,Miami / Miami Gardens,Miami / Miami Gardens,Hard Rock Stadium area,25.958,-80.2389,104,187,26.0,-80.25,21,138,2026-07-27 18:00 UTC,expected_precip,Expected precipitation,mm per 12h,4.900733470916748,3.4152567386627197,4.398323059082031,4.298978328704834,5.341472625732422,5.182127475738525,14,False
2026072200,miami_gardens,Miami / Miami Gardens,Miami / Miami Gardens,Hard Rock Stadium area,25.958,-80.2389,104,187,26.0,-80.25,22,144,2026-07-28 00:00 UTC,expected_precip,Expected precipitation,mm per 12h,5.432830810546875,4.235520362854004,5.220119646617344,5.265047311782837,5.961989402770996,5.742644834518432,14,False
2026072200,miami_gardens,Miami / Miami Gardens,Miami / Miami Gardens,Hard Rock Stadium area,25.958,-80.2389,104,187,26.0,-80.25,23,150,2026-07-28 06:00 UTC,expected_precip,Expected precipitation,mm per 12h,4.598269462585449,3.21755313873291,4.5103559494018555,4.540259122848511,5.398166179656982,5.120223379135132,14,False
2026072200,miami_gardens,Miami / Miami Gardens,Miami / Miami Gardens,Hard Rock Stadium area,25.958,-80.2389,104,187,26.0,-80.25,24,156,2026-07-28 12:00 UTC,expected_precip,Expected precipitation,mm per 12h,3.7101447582244873,2.654614210128784,3.26094537121909,3.11287260055542,4.167449951171875,3.9241315364837646,14,False
2026072200,miami_gardens,Miami / Miami Gardens,Miami / Miami Gardens,Hard Rock Stadium area,25.958,-80.2389,104,187,26.0,-80.25,25,162,2026-07-28 18:00 UTC,expected_precip,Expected precipitation,mm per 12h,3.8062031269073486,2.7660555839538574,3.3940618549074446,3.43533456325531,3.9918861389160156,3.8081838130950927,14,False
2026072200,miami_gardens,Miami / Miami Gardens,Miami / Miami Gardens,Hard Rock Stadium area,25.958,-80.2389,104,187,26.0,-80.25,26,168,2026-07-29 00:00 UTC,expected_precip,Expected precipitation,mm per 12h,4.110795974731445,3.0809528827667236,3.8609524284090315,4.032726764678955,4.256439685821533,4.191420650482177,14,False
2026072200,miami_gardens,Miami / Miami Gardens,Miami / Miami Gardens,Hard Rock Stadium area,25.958,-80.2389,104,187,26.0,-80.25,27,174,2026-07-29 06:00 UTC,expected_precip,Expected precipitation,mm per 12h,3.6274359226226807,2.099885940551758,3.3469340120043074,3.537298560142517,4.340759754180908,4.095659923553467,14,False
2026072200,miami_gardens,Miami / Miami Gardens,Miami / Miami Gardens,Hard Rock Stadium area,25.958,-80.2389,104,187,26.0,-80.25,28,180,2026-07-29 12:00 UTC,expected_precip,Expected precipitation,mm per 12h,2.3027524948120117,1.6136696338653564,2.1237012147903442,2.1411759853363037,2.782482624053955,2.413511037826538,14,False
2026072200,miami_gardens,Miami / Miami Gardens,Miami / Miami Gardens,Hard Rock Stadium area,25.958,-80.2389,104,187,26.0,-80.25,29,186,2026-07-29 18:00 UTC,expected_precip,Expected precipitation,mm per 12h,1.9236723184585571,1.0493264198303223,1.645824602672032,1.7155813574790955,2.151853084564209,2.0402023553848267,14,False
2026072200,miami_gardens,Miami / Miami Gardens,Miami / Miami Gardens,Hard Rock Stadium area,25.958,-80.2389,104,187,26.0,-80.25,30,192,2026-07-30 00:00 UTC,expected_precip,Expected precipitation,mm per 12h,2.1043012142181396,1.4119787216186523,2.0741918001856123,2.07640540599823,2.7954564094543457,2.5181414365768435,14,False
2026072200,miami_gardens,Miami / Miami Gardens,Miami / Miami Gardens,Hard Rock Stadium area,25.958,-80.2389,104,187,26.0,-80.25,0,12,2026-07-22 12:00 UTC,prob_gt_0p5inch_percent,Probability > 0.5 inch,%,3.931957483291626,1.3854742050170898,2.7352822508130754,2.5498569011688232,4.864984512329102,4.12352979183197,14,False
2026072200,miami_gardens,Miami / Miami Gardens,Miami / Miami Gardens,Hard Rock Stadium area,25.958,-80.2389,104,187,26.0,-80.25,1,18,2026-07-22 18:00 UTC,prob_gt_0p5inch_percent,Probability > 0.5 inch,%,4.586470127105713,0.8352577686309814,2.8582500559943065,2.7588367462158203,5.404382705688477,4.428801012039185,14,False
2026072200,miami_gardens,Miami / Miami Gardens,Miami / Miami Gardens,Hard Rock Stadium area,25.958,-80.2389,104,187,26.0,-80.25,2,24,2026-07-23 00:00 UTC,prob_gt_0p5inch_percent,Probability > 0.5 inch,%,2.0909130573272705,1.4584660530090332,4.02473167010716,4.2458741664886475,8.061385154724121,6.389361619949341,14,False
2026072200,miami_gardens,Miami / Miami Gardens,Miami / Miami Gardens,Hard Rock Stadium area,25.958,-80.2389,104,187,26.0,-80.25,3,30,2026-07-23 06:00 UTC,prob_gt_0p5inch_percent,Probability > 0.5 inch,%,0.9057581424713135,0.4607677459716797,3.233692901475089,3.168061375617981,7.739645004272461,5.725369453430176,14,False
2026072200,miami_gardens,Miami / Miami Gardens,Miami / Miami Gardens,Hard Rock Stadium area,25.958,-80.2389,104,187,26.0,-80.25,4,36,2026-07-23 12:00 UTC,prob_gt_0p5inch_percent,Probability > 0.5 inch,%,7.748603820800781e-05,0.0,0.10658204555511475,0.013440847396850586,0.49362778663635254,0.37830293178558366,14,False
2026072200,miami_gardens,Miami / Miami Gardens,Miami / Miami Gardens,Hard Rock Stadium area,25.958,-80.2389,104,187,26.0,-80.25,5,42,2026-07-23 18:00 UTC,prob_gt_0p5inch_percent,Probability > 0.5 inch,%,2.430933713912964,1.063162088394165,2.317532879965646,2.111414074897766,4.096013069152832,3.649700880050659,14,False
2026072200,miami_gardens,Miami / Miami Gardens,Miami / Miami Gardens,Hard Rock Stadium area,25.958,-80.2389,104,187,26.0,-80.25,6,48,2026-07-24 00:00 UTC,prob_gt_0p5inch_percent,Probability > 0.5 inch,%,3.648597002029419,2.3142993450164795,3.4514733723231723,3.482481837272644,4.738008975982666,4.399855232238769,14,False
2026072200,miami_gardens,Miami / Miami Gardens,Miami / Miami Gardens,Hard Rock Stadium area,25.958,-80.2389,104,187,26.0,-80.25,7,54,2026-07-24 06:00 UTC,prob_gt_0p5inch_percent,Probability > 0.5 inch,%,3.2871246337890625,0.975334644317627,2.6671511956623624,2.6586979627609253,4.324859619140625,3.9340937137603764,14,False
2026072200,miami_gardens,Miami / Miami Gardens,Miami / Miami Gardens,Hard Rock Stadium area,25.958,-80.2389,104,187,26.0,-80.25,8,60,2026-07-24 12:00 UTC,prob_gt_0p5inch_percent,Probability > 0.5 inch,%,4.448091983795166,0.6742775440216064,3.3271798065730502,3.656241297721863,5.901217460632324,5.55038332939148,14,False
2026072200,miami_gardens,Miami / Miami Gardens,Miami / Miami Gardens,Hard Rock Stadium area,25.958,-80.2389,104,187,26.0,-80.25,9,66,2026-07-24 18:00 UTC,prob_gt_0p5inch_percent,Probability > 0.5 inch,%,6.378519535064697,4.709970951080322,6.06652079309736,6.063783168792725,7.343101501464844,6.863846683502198,14,False
2026072200,miami_gardens,Miami / Miami Gardens,Miami / Miami Gardens,Hard Rock Stadium area,25.958,-80.2389,104,187,26.0,-80.25,10,72,2026-07-25 00:00 UTC,prob_gt_0p5inch_percent,Probability > 0.5 inch,%,5.183517932891846,4.030126571655273,6.768700906208584,6.73103928565979,10.129171371459961,8.904947662353516,14,False
2026072200,miami_gardens,Miami / Miami Gardens,Miami / Miami Gardens,Hard Rock Stadium area,25.958,-80.2389,104,187,26.0,-80.25,11,78,2026-07-25 06:00 UTC,prob_gt_0p5inch_percent,Probability > 0.5 inch,%,4.927033424377441,4.1079816818237305,5.785845858710153,5.505406856536865,8.402281761169434,7.162877845764161,14,False
2026072200,miami_gardens,Miami / Miami Gardens,Miami / Miami Gardens,Hard Rock Stadium area,25.958,-80.2389,104,187,26.0,-80.25,12,84,2026-07-25 12:00 UTC,prob_gt_0p5inch_percent,Probability > 0.5 inch,%,7.931160926818848,4.863476753234863,6.858750717980521,6.615051507949829,9.089815139770508,8.728942871093752,14,False
2026072200,miami_gardens,Miami / Miami Gardens,Miami / Miami Gardens,Hard Rock Stadium area,25.958,-80.2389,104,187,26.0,-80.25,13,90,2026-07-25 18:00 UTC,prob_gt_0p5inch_percent,Probability > 0.5 inch,%,7.802695274353027,4.200339317321777,6.7281566347394675,6.929382801055908,8.365792274475098,8.163163471221925,14,False
2026072200,miami_gardens,Miami / Miami Gardens,Miami / Miami Gardens,Hard Rock Stadium area,25.958,-80.2389,104,187,26.0,-80.25,14,96,2026-07-26 00:00 UTC,prob_gt_0p5inch_percent,Probability > 0.5 inch,%,5.946427345275879,4.008007049560547,7.793210676738194,7.295140743255615,11.864673614501953,11.376722526550294,14,False
2026072200,miami_gardens,Miami / Miami Gardens,Miami / Miami Gardens,Hard Rock Stadium area,25.958,-80.2389,104,187,26.0,-80.25,15,102,2026-07-26 06:00 UTC,prob_gt_0p5inch_percent,Probability > 0.5 inch,%,6.232762336730957,4.274630546569824,8.4091876574925,7.890334844589233,13.40964412689209,11.971101951599122,14,False
2026072200,miami_gardens,Miami / Miami Gardens,Miami / Miami Gardens,Hard Rock Stadium area,25.958,-80.2389,104,187,26.0,-80.25,16,108,2026-07-26 12:00 UTC,prob_gt_0p5inch_percent,Probability > 0.5 inch,%,5.360346794128418,3.6296963691711426,5.134157691683088,5.20249605178833,6.5540971755981445,6.040071487426758,14,False
2026072200,miami_gardens,Miami / Miami Gardens,Miami / Miami Gardens,Hard Rock Stadium area,25.958,-80.2389,104,187,26.0,-80.25,17,114,2026-07-26 18:00 UTC,prob_gt_0p5inch_percent,Probability > 0.5 inch,%,6.159102916717529,5.217069625854492,6.008998496191842,5.898055553436279,7.427138328552246,6.847221326828003,14,False
2026072200,miami_gardens,Miami / Miami Gardens,Miami / Miami Gardens,Hard Rock Stadium area,25.958,-80.2389,104,187,26.0,-80.25,18,120,2026-07-27 00:00 UTC,prob_gt_0p5inch_percent,Probability > 0.5 inch,%,10.718369483947754,9.08488655090332,11.226576668875557,11.663013458251953,12.454670906066895,12.296546173095704,14,False
2026072200,miami_gardens,Miami / Miami Gardens,Miami / Miami Gardens,Hard Rock Stadium area,25.958,-80.2389,104,187,26.0,-80.25,19,126,2026-07-27 06:00 UTC,prob_gt_0p5inch_percent,Probability > 0.5 inch,%,12.12729263305664,9.800445556640625,11.54004090172904,11.805778980255127,12.743538856506348,12.543962478637695,14,False
2026072200,miami_gardens,Miami / Miami Gardens,Miami / Miami Gardens,Hard Rock Stadium area,25.958,-80.2389,104,187,26.0,-80.25,20,132,2026-07-27 12:00 UTC,prob_gt_0p5inch_percent,Probability > 0.5 inch,%,9.324275970458984,6.943506240844727,8.385275534221105,8.245128631591797,9.829813003540039,9.572437858581543,14,False
2026072200,miami_gardens,Miami / Miami Gardens,Miami / Miami Gardens,Hard Rock Stadium area,25.958,-80.2389,104,187,26.0,-80.25,21,138,2026-07-27 18:00 UTC,prob_gt_0p5inch_percent,Probability > 0.5 inch,%,10.383045196533203,7.20042610168457,9.273414679936,9.085294723510742,11.234086990356445,10.932004261016846,14,False
2026072200,miami_gardens,Miami / Miami Gardens,Miami / Miami Gardens,Hard Rock Stadium area,25.958,-80.2389,104,187,26.0,-80.25,22,144,2026-07-28 00:00 UTC,prob_gt_0p5inch_percent,Probability > 0.5 inch,%,11.866003036499023,9.209650993347168,11.358530589512416,11.458924293518066,12.970155715942383,12.504053974151612,14,False
2026072200,miami_gardens,Miami / Miami Gardens,Miami / Miami Gardens,Hard Rock Stadium area,25.958,-80.2389,104,187,26.0,-80.25,23,150,2026-07-28 06:00 UTC,prob_gt_0p5inch_percent,Probability > 0.5 inch,%,9.981245040893555,6.9227399826049805,9.697470937456403,9.767630577087402,11.621295928955078,10.981811714172364,14,False
2026072200,miami_gardens,Miami / Miami Gardens,Miami / Miami Gardens,Hard Rock Stadium area,25.958,-80.2389,104,187,26.0,-80.25,24,156,2026-07-28 12:00 UTC,prob_gt_0p5inch_percent,Probability > 0.5 inch,%,7.765352725982666,5.6037068367004395,6.814793927328927,6.465888023376465,8.680730819702148,8.200500297546387,14,False
2026072200,miami_gardens,Miami / Miami Gardens,Miami / Miami Gardens,Hard Rock Stadium area,25.958,-80.2389,104,187,26.0,-80.25,25,162,2026-07-28 18:00 UTC,prob_gt_0p5inch_percent,Probability > 0.5 inch,%,7.965850830078125,5.822867393493652,7.118231875555856,7.191681861877441,8.378100395202637,8.00704402923584,14,False
2026072200,miami_gardens,Miami / Miami Gardens,Miami / Miami Gardens,Hard Rock Stadium area,25.958,-80.2389,104,187,26.0,-80.25,26,168,2026-07-29 00:00 UTC,prob_gt_0p5inch_percent,Probability > 0.5 inch,%,8.861899375915527,6.642293930053711,8.302733761923653,8.67273235321045,9.157329559326172,9.023643302917481,14,False
2026072200,miami_gardens,Miami / Miami Gardens,Miami / Miami Gardens,Hard Rock Stadium area,25.958,-80.2389,104,187,26.0,-80.25,27,174,2026-07-29 06:00 UTC,prob_gt_0p5inch_percent,Probability > 0.5 inch,%,7.754397392272949,4.544305801391602,7.154819420405796,7.536313056945801,9.310758590698242,8.752736949920655,14,False
2026072200,miami_gardens,Miami / Miami Gardens,Miami / Miami Gardens,Hard Rock Stadium area,25.958,-80.2389,104,187,26.0,-80.25,28,180,2026-07-29 12:00 UTC,prob_gt_0p5inch_percent,Probability > 0.5 inch,%,4.867672920227051,3.626859188079834,4.569330828530448,4.602834463119507,5.822867393493652,5.06794810295105,14,False
2026072200,miami_gardens,Miami / Miami Gardens,Miami / Miami Gardens,Hard Rock Stadium area,25.958,-80.2389,104,187,26.0,-80.25,29,186,2026-07-29 18:00 UTC,prob_gt_0p5inch_percent,Probability > 0.5 inch,%,4.224628448486328,2.320539951324463,3.6428485768181935,3.831613063812256,4.621940612792969,4.4315876960754395,14,False
2026072200,miami_gardens,Miami / Miami Gardens,Miami / Miami Gardens,Hard Rock Stadium area,25.958,-80.2389,104,187,26.0,-80.25,30,192,2026-07-30 00:00 UTC,prob_gt_0p5inch_percent,Probability > 0.5 inch,%,4.541582107543945,3.1958460807800293,4.510185582297189,4.493781805038452,5.977887153625488,5.392983388900757,14,False
2026072200,miami_gardens,Miami / Miami Gardens,Miami / Miami Gardens,Hard Rock Stadium area,25.958,-80.2389,104,187,26.0,-80.25,0,12,2026-07-22 12:00 UTC,prob_gt_1inch_percent,Probability > 1 inch,%,1.5837430953979492,0.31692981719970703,0.9726090090615409,0.8427023887634277,2.085787057876587,1.6690254211425783,14,False
2026072200,miami_gardens,Miami / Miami Gardens,Miami / Miami Gardens,Hard Rock Stadium area,25.958,-80.2389,104,187,26.0,-80.25,1,18,2026-07-22 18:00 UTC,prob_gt_1inch_percent,Probability > 1 inch,%,1.9444286823272705,0.15386343002319336,1.0604547602789742,0.9542226791381836,2.369105815887451,1.8567544221878054,14,False
2026072200,miami_gardens,Miami / Miami Gardens,Miami / Miami Gardens,Hard Rock Stadium area,25.958,-80.2389,104,187,26.0,-80.25,2,24,2026-07-23 00:00 UTC,prob_gt_1inch_percent,Probability > 1 inch,%,0.6575822830200195,0.36839842796325684,1.6110041311808996,1.7631232738494873,3.4775137901306152,2.7367961406707764,14,False
2026072200,miami_gardens,Miami / Miami Gardens,Miami / Miami Gardens,Hard Rock Stadium area,25.958,-80.2389,104,187,26.0,-80.25,3,30,2026-07-23 06:00 UTC,prob_gt_1inch_percent,Probability > 1 inch,%,0.17644166946411133,0.055605173110961914,1.296013593673706,1.254361867904663,3.4715116024017334,2.521451711654663,14,False
2026072200,miami_gardens,Miami / Miami Gardens,Miami / Miami Gardens,Hard Rock Stadium area,25.958,-80.2389,104,187,26.0,-80.25,4,36,2026-07-23 12:00 UTC,prob_gt_1inch_percent,Probability > 1 inch,%,0.0,0.0,0.0103750399180821,9.238719940185547e-05,0.06261467933654785,0.04028856754302981,14,False
2026072200,miami_gardens,Miami / Miami Gardens,Miami / Miami Gardens,Hard Rock Stadium area,25.958,-80.2389,104,187,26.0,-80.25,5,42,2026-07-23 18:00 UTC,prob_gt_1inch_percent,Probability > 1 inch,%,0.8708775043487549,0.23075342178344727,0.8267785821642194,0.7005006074905396,1.7241179943084717,1.517569422721863,14,False
2026072200,miami_gardens,Miami / Miami Gardens,Miami / Miami Gardens,Hard Rock Stadium area,25.958,-80.2389,104,187,26.0,-80.25,6,48,2026-07-24 00:00 UTC,prob_gt_1inch_percent,Probability > 1 inch,%,1.455754041671753,0.7992386817932129,1.373827031680516,1.3898402452468872,2.0341575145721436,1.871265172958374,14,False
2026072200,miami_gardens,Miami / Miami Gardens,Miami / Miami Gardens,Hard Rock Stadium area,25.958,-80.2389,104,187,26.0,-80.25,7,54,2026-07-24 06:00 UTC,prob_gt_1inch_percent,Probability > 1 inch,%,1.3721942901611328,0.1997828483581543,1.0270680700029646,1.0111182928085327,1.9070327281951904,1.7121028900146487,14,False
2026072200,miami_gardens,Miami / Miami Gardens,Miami / Miami Gardens,Hard Rock Stadium area,25.958,-80.2389,104,187,26.0,-80.25,8,60,2026-07-24 12:00 UTC,prob_gt_1inch_percent,Probability > 1 inch,%,2.1021366119384766,0.10694265365600586,1.4502589191709245,1.625281572341919,2.89076566696167,2.6883101463317876,14,False
2026072200,miami_gardens,Miami / Miami Gardens,Miami / Miami Gardens,Hard Rock Stadium area,25.958,-80.2389,104,187,26.0,-80.25,9,66,2026-07-24 18:00 UTC,prob_gt_1inch_percent,Probability > 1 inch,%,3.08266282081604,2.1403849124908447,2.914321848324367,2.9284119606018066,3.6329030990600586,3.3419018983840942,14,False
2026072200,miami_gardens,Miami / Miami Gardens,Miami / Miami Gardens,Hard Rock Stadium area,25.958,-80.2389,104,187,26.0,-80.25,10,72,2026-07-25 00:00 UTC,prob_gt_1inch_percent,Probability > 1 inch,%,2.426421642303467,1.8247544765472412,3.247320226260594,3.2396644353866577,4.966205596923828,4.3566100120544435,14,False
2026072200,miami_gardens,Miami / Miami Gardens,Miami / Miami Gardens,Hard Rock Stadium area,25.958,-80.2389,104,187,26.0,-80.25,11,78,2026-07-25 06:00 UTC,prob_gt_1inch_percent,Probability > 1 inch,%,2.2523462772369385,1.8106520175933838,2.758233036313738,2.6246458292007446,4.1481733322143555,3.5204207897186284,14,False
2026072200,miami_gardens,Miami / Miami Gardens,Miami / Miami Gardens,Hard Rock Stadium area,25.958,-80.2389,104,187,26.0,-80.25,12,84,2026-07-25 12:00 UTC,prob_gt_1inch_percent,Probability > 1 inch,%,4.100584983825684,2.3485660552978516,3.4944725717817033,3.3758699893951416,4.694628715515137,4.505521488189698,14,False
2026072200,miami_gardens,Miami / Miami Gardens,Miami / Miami Gardens,Hard Rock Stadium area,25.958,-80.2389,104,187,26.0,-80.25,13,90,2026-07-25 18:00 UTC,prob_gt_1inch_percent,Probability > 1 inch,%,3.9990127086639404,2.038586139678955,3.412546856062753,3.531801700592041,4.286587238311768,4.173303246498108,14,False
2026072200,miami_gardens,Miami / Miami Gardens,Miami / Miami Gardens,Hard Rock Stadium area,25.958,-80.2389,104,187,26.0,-80.25,14,96,2026-07-26 00:00 UTC,prob_gt_1inch_percent,Probability > 1 inch,%,2.9834330081939697,1.9061684608459473,3.9035039288657054,3.675299882888794,6.004965305328369,5.734016227722169,14,False
2026072200,miami_gardens,Miami / Miami Gardens,Miami / Miami Gardens,Hard Rock Stadium area,25.958,-80.2389,104,187,26.0,-80.25,15,102,2026-07-26 06:00 UTC,prob_gt_1inch_percent,Probability > 1 inch,%,3.169858455657959,2.0810842514038086,4.28134674685342,4.021474838256836,6.920117378234863,6.128774881362915,14,False
2026072200,miami_gardens,Miami / Miami Gardens,Miami / Miami Gardens,Hard Rock Stadium area,25.958,-80.2389,104,187,26.0,-80.25,16,108,2026-07-26 12:00 UTC,prob_gt_1inch_percent,Probability > 1 inch,%,2.7407407760620117,1.6588270664215088,2.583473495074681,2.636203169822693,3.409898281097412,3.113250732421875,14,False
2026072200,miami_gardens,Miami / Miami Gardens,Miami / Miami Gardens,Hard Rock Stadium area,25.958,-80.2389,104,187,26.0,-80.25,17,114,2026-07-26 18:00 UTC,prob_gt_1inch_percent,Probability > 1 inch,%,3.1884968280792236,2.625185251235962,3.0913387026105608,3.0283600091934204,3.909212350845337,3.5876911878585815,14,False
2026072200,miami_gardens,Miami / Miami Gardens,Miami / Miami Gardens,Hard Rock Stadium area,25.958,-80.2389,104,187,26.0,-80.25,18,120,2026-07-27 00:00 UTC,prob_gt_1inch_percent,Probability > 1 inch,%,5.5269775390625,4.626321792602539,5.779976095472064,6.016430139541626,6.440579891204834,6.342264652252197,14,False
2026072200,miami_gardens,Miami / Miami Gardens,Miami / Miami Gardens,Hard Rock Stadium area,25.958,-80.2389,104,187,26.0,-80.25,19,126,2026-07-27 06:00 UTC,prob_gt_1inch_percent,Probability > 1 inch,%,6.3296613693237305,5.038076400756836,6.013215405600412,6.132307529449463,6.6797614097595215,6.5614605903625485,14,False
2026072200,miami_gardens,Miami / Miami Gardens,Miami / Miami Gardens,Hard Rock Stadium area,25.958,-80.2389,104,187,26.0,-80.25,20,132,2026-07-27 12:00 UTC,prob_gt_1inch_percent,Probability > 1 inch,%,5.015289783477783,3.738701343536377,4.539525968687875,4.504147052764893,5.355018615722656,5.182058382034302,14,False
2026072200,miami_gardens,Miami / Miami Gardens,Miami / Miami Gardens,Hard Rock Stadium area,25.958,-80.2389,104,187,26.0,-80.25,21,138,2026-07-27 18:00 UTC,prob_gt_1inch_percent,Probability > 1 inch,%,5.646162986755371,3.877866268157959,5.047780275344849,4.923149824142456,6.182116508483887,5.9865538597106935,14,False
2026072200,miami_gardens,Miami / Miami Gardens,Miami / Miami Gardens,Hard Rock Stadium area,25.958,-80.2389,104,187,26.0,-80.25,22,144,2026-07-28 00:00 UTC,prob_gt_1inch_percent,Probability > 1 inch,%,6.265896797180176,4.814755916595459,6.009108747754778,6.061619758605957,6.922179222106934,6.650107002258301,14,False
2026072200,miami_gardens,Miami / Miami Gardens,Miami / Miami Gardens,Hard Rock Stadium area,25.958,-80.2389,104,187,26.0,-80.25,23,150,2026-07-28 06:00 UTC,prob_gt_1inch_percent,Probability > 1 inch,%,5.260342597961426,3.622901439666748,5.164993320192609,5.199107646942139,6.239128112792969,5.902417898178101,14,False
2026072200,miami_gardens,Miami / Miami Gardens,Miami / Miami Gardens,Hard Rock Stadium area,25.958,-80.2389,104,187,26.0,-80.25,24,156,2026-07-28 12:00 UTC,prob_gt_1inch_percent,Probability > 1 inch,%,4.229557514190674,2.9900014400482178,3.7048182487487793,3.5339146852493286,4.772329330444336,4.4827361583709715,14,False
2026072200,miami_gardens,Miami / Miami Gardens,Miami / Miami Gardens,Hard Rock Stadium area,25.958,-80.2389,104,187,26.0,-80.25,25,162,2026-07-28 18:00 UTC,prob_gt_1inch_percent,Probability > 1 inch,%,4.343896865844727,3.120875358581543,3.8588570186070035,3.906688094139099,4.562216758728027,4.344001340866089,14,False
2026072200,miami_gardens,Miami / Miami Gardens,Miami / Miami Gardens,Hard Rock Stadium area,25.958,-80.2389,104,187,26.0,-80.25,26,168,2026-07-29 00:00 UTC,prob_gt_1inch_percent,Probability > 1 inch,%,4.677814483642578,3.4589767456054688,4.385111638477871,4.586771249771118,4.854458808898926,4.777910280227661,14,False
2026072200,miami_gardens,Miami / Miami Gardens,Miami / Miami Gardens,Hard Rock Stadium area,25.958,-80.2389,104,187,26.0,-80.25,27,174,2026-07-29 06:00 UTC,prob_gt_1inch_percent,Probability > 1 inch,%,4.11398983001709,2.3180246353149414,3.7882600171225413,4.0130615234375,4.96242618560791,4.671481084823609,14,False
2026072200,miami_gardens,Miami / Miami Gardens,Miami / Miami Gardens,Hard Rock Stadium area,25.958,-80.2389,104,187,26.0,-80.25,28,180,2026-07-29 12:00 UTC,prob_gt_1inch_percent,Probability > 1 inch,%,2.5807440280914307,1.6567111015319824,2.3403878722872054,2.3748934268951416,3.1438827514648438,2.714119553565979,14,False
2026072200,miami_gardens,Miami / Miami Gardens,Miami / Miami Gardens,Hard Rock Stadium area,25.958,-80.2389,104,187,26.0,-80.25,29,186,2026-07-29 18:00 UTC,prob_gt_1inch_percent,Probability > 1 inch,%,2.088385820388794,0.825124979019165,1.6899236610957555,1.8015027046203613,2.389448881149292,2.2439491748809814,14,False
2026072200,miami_gardens,Miami / Miami Gardens,Miami / Miami Gardens,Hard Rock Stadium area,25.958,-80.2389,104,187,26.0,-80.25,30,192,2026-07-30 00:00 UTC,prob_gt_1inch_percent,Probability > 1 inch,%,2.327650785446167,1.3636410236358643,2.2635715348379954,2.2911101579666138,3.1385064125061035,2.814537286758423,14,False
2026072200,miami_gardens,Miami / Miami Gardens,Miami / Miami Gardens,Hard Rock Stadium area,25.958,-80.2389,104,187,26.0,-80.25,0,12,2026-07-22 12:00 UTC,prob_gt_2inch_percent,Probability > 2 inch,%,0.3617286682128906,0.02504587173461914,0.1890693392072405,0.13873279094696045,0.5328714847564697,0.3842425346374512,14,False
2026072200,miami_gardens,Miami / Miami Gardens,Miami / Miami Gardens,Hard Rock Stadium area,25.958,-80.2389,104,187,26.0,-80.25,1,18,2026-07-22 18:00 UTC,prob_gt_2inch_percent,Probability > 2 inch,%,0.48713088035583496,0.00807046890258789,0.22141081946236746,0.16474127769470215,0.6291627883911133,0.456262230873108,14,False
2026072200,miami_gardens,Miami / Miami Gardens,Miami / Miami Gardens,Hard Rock Stadium area,25.958,-80.2389,104,187,26.0,-80.25,2,24,2026-07-23 00:00 UTC,prob_gt_2inch_percent,Probability > 2 inch,%,0.09520649909973145,0.035256147384643555,0.3714897802897862,0.4245668649673462,0.881648063659668,0.6914675235748291,14,False
2026072200,miami_gardens,Miami / Miami Gardens,Miami / Miami Gardens,Hard Rock Stadium area,25.958,-80.2389,104,187,26.0,-80.25,3,30,2026-07-23 06:00 UTC,prob_gt_2inch_percent,Probability > 2 inch,%,0.0102996826171875,0.0012874603271484375,0.31016298702784945,0.27891993522644043,0.9503543376922607,0.6743162870407106,14,False
2026072200,miami_gardens,Miami / Miami Gardens,Miami / Miami Gardens,Hard Rock Stadium area,25.958,-80.2389,104,187,26.0,-80.25,4,36,2026-07-23 12:00 UTC,prob_gt_2inch_percent,Probability > 2 inch,%,0.0,0.0,0.00020563602447509766,0.0,0.0015974044799804688,0.000761747360229493,14,False
2026072200,miami_gardens,Miami / Miami Gardens,Miami / Miami Gardens,Hard Rock Stadium area,25.958,-80.2389,104,187,26.0,-80.25,5,42,2026-07-23 18:00 UTC,prob_gt_2inch_percent,Probability > 2 inch,%,0.1611173152923584,0.016576051712036133,0.16202330589294434,0.1124262809753418,0.42738914489746094,0.36889135837554937,14,False
2026072200,miami_gardens,Miami / Miami Gardens,Miami / Miami Gardens,Hard Rock Stadium area,25.958,-80.2389,104,187,26.0,-80.25,6,48,2026-07-24 00:00 UTC,prob_gt_2inch_percent,Probability > 2 inch,%,0.3271639347076416,0.1380443572998047,0.3109570060457502,0.3084510564804077,0.5213022232055664,0.47528207302093506,14,False
2026072200,miami_gardens,Miami / Miami Gardens,Miami / Miami Gardens,Hard Rock Stadium area,25.958,-80.2389,104,187,26.0,-80.25,7,54,2026-07-24 06:00 UTC,prob_gt_2inch_percent,Probability > 2 inch,%,0.33658742904663086,0.01284480094909668,0.23057035037449428,0.21265149116516113,0.5151450634002686,0.4522955417633057,14,False
2026072200,miami_gardens,Miami / Miami Gardens,Miami / Miami Gardens,Hard Rock Stadium area,25.958,-80.2389,104,187,26.0,-80.25,8,60,2026-07-24 12:00 UTC,prob_gt_2inch_percent,Probability > 2 inch,%,0.6455898284912109,0.004202127456665039,0.40996415274483816,0.4479050636291504,0.942528247833252,0.8596491813659669,14,False
2026072200,miami_gardens,Miami / Miami Gardens,Miami / Miami Gardens,Hard Rock Stadium area,25.958,-80.2389,104,187,26.0,-80.25,9,66,2026-07-24 18:00 UTC,prob_gt_2inch_percent,Probability > 2 inch,%,0.9781241416931152,0.6103694438934326,0.916299649647304,0.9286582469940186,1.1989593505859375,1.0767197608947754,14,False
2026072200,miami_gardens,Miami / Miami Gardens,Miami / Miami Gardens,Hard Rock Stadium area,25.958,-80.2389,104,187,26.0,-80.25,10,72,2026-07-25 00:00 UTC,prob_gt_2inch_percent,Probability > 2 inch,%,0.7294952869415283,0.518643856048584,1.013580390385219,1.0183751583099365,1.5912830829620361,1.3981902599334717,14,False
2026072200,miami_gardens,Miami / Miami Gardens,Miami / Miami Gardens,Hard Rock Stadium area,25.958,-80.2389,104,187,26.0,-80.25,11,78,2026-07-25 06:00 UTC,prob_gt_2inch_percent,Probability > 2 inch,%,0.6487548351287842,0.48931241035461426,0.8567780256271362,0.8151769638061523,1.3573110103607178,1.1485743522644043,14,False
2026072200,miami_gardens,Miami / Miami Gardens,Miami / Miami Gardens,Hard Rock Stadium area,25.958,-80.2389,104,187,26.0,-80.25,12,84,2026-07-25 12:00 UTC,prob_gt_2inch_percent,Probability > 2 inch,%,1.4652073383331299,0.7491350173950195,1.2201096330370222,1.1898666620254517,1.6665339469909668,1.5996938943862917,14,False
2026072200,miami_gardens,Miami / Miami Gardens,Miami / Miami Gardens,Hard Rock Stadium area,25.958,-80.2389,104,187,26.0,-80.25,13,90,2026-07-25 18:00 UTC,prob_gt_2inch_percent,Probability > 2 inch,%,1.4066636562347412,0.6582021713256836,1.1819064617156982,1.2338340282440186,1.5037596225738525,1.4590013027191162,14,False
2026072200,miami_gardens,Miami / Miami Gardens,Miami / Miami Gardens,Hard Rock Stadium area,25.958,-80.2389,104,187,26.0,-80.25,14,96,2026-07-26 00:00 UTC,prob_gt_2inch_percent,Probability > 2 inch,%,1.0165095329284668,0.5934357643127441,1.3117862599236625,1.257866621017456,2.0278573036193848,1.9250231981277466,14,False
2026072200,miami_gardens,Miami / Miami Gardens,Miami / Miami Gardens,Hard Rock Stadium area,25.958,-80.2389,104,187,26.0,-80.25,15,102,2026-07-26 06:00 UTC,prob_gt_2inch_percent,Probability > 2 inch,%,1.106041669845581,0.6755948066711426,1.4785685709544591,1.4041751623153687,2.4090826511383057,2.114284634590149,14,False
2026072200,miami_gardens,Miami / Miami Gardens,Miami / Miami Gardens,Hard Rock Stadium area,25.958,-80.2389,104,187,26.0,-80.25,16,108,2026-07-26 12:00 UTC,prob_gt_2inch_percent,Probability > 2 inch,%,0.9690344333648682,0.48071742057800293,0.8894158261162894,0.9190976619720459,1.2390077114105225,1.119009256362915,14,False
2026072200,miami_gardens,Miami / Miami Gardens,Miami / Miami Gardens,Hard Rock Stadium area,25.958,-80.2389,104,187,26.0,-80.25,17,114,2026-07-26 18:00 UTC,prob_gt_2inch_percent,Probability > 2 inch,%,1.1497735977172852,0.9018838405609131,1.1029247726712907,1.0767698287963867,1.446312665939331,1.3191914558410645,14,False
2026072200,miami_gardens,Miami / Miami Gardens,Miami / Miami Gardens,Hard Rock Stadium area,25.958,-80.2389,104,187,26.0,-80.25,18,120,2026-07-27 00:00 UTC,prob_gt_2inch_percent,Probability > 2 inch,%,1.9432127475738525,1.5852391719818115,2.0210334232875278,2.1215736865997314,2.2602319717407227,2.2178566455841064,14,False
2026072200,miami_gardens,Miami / Miami Gardens,Miami / Miami Gardens,Hard Rock Stadium area,25.958,-80.2389,104,187,26.0,-80.25,19,126,2026-07-27 06:00 UTC,prob_gt_2inch_percent,Probability > 2 inch,%,2.263617515563965,1.7675459384918213,2.148389390536717,2.176085114479065,2.4022936820983887,2.3522984981536865,14,False
2026072200,miami_gardens,Miami / Miami Gardens,Miami / Miami Gardens,Hard Rock Stadium area,25.958,-80.2389,104,187,26.0,-80.25,20,132,2026-07-27 12:00 UTC,prob_gt_2inch_percent,Probability > 2 inch,%,1.917707920074463,1.4443159103393555,1.7620269741330827,1.7786890268325806,2.092844247817993,2.005893588066101,14,False
2026072200,miami_gardens,Miami / Miami Gardens,Miami / Miami Gardens,Hard Rock Stadium area,25.958,-80.2389,104,187,26.0,-80.25,21,138,2026-07-27 18:00 UTC,prob_gt_2inch_percent,Probability > 2 inch,%,2.1948516368865967,1.4974534511566162,1.9725292921066284,1.9256502389907837,2.4494707584381104,2.353227734565735,14,False
2026072200,miami_gardens,Miami / Miami Gardens,Miami / Miami Gardens,Hard Rock Stadium area,25.958,-80.2389,104,187,26.0,-80.25,22,144,2026-07-28 00:00 UTC,prob_gt_2inch_percent,Probability > 2 inch,%,2.2928059101104736,1.7473936080932617,2.2106489964893887,2.229294180870056,2.573317289352417,2.460342049598694,14,False
2026072200,miami_gardens,Miami / Miami Gardens,Miami / Miami Gardens,Hard Rock Stadium area,25.958,-80.2389,104,187,26.0,-80.25,23,150,2026-07-28 06:00 UTC,prob_gt_2inch_percent,Probability > 2 inch,%,1.9318163394927979,1.3288319110870361,1.9360687051500594,1.9312947988510132,2.3575663566589355,2.2405660152435303,14,False
2026072200,miami_gardens,Miami / Miami Gardens,Miami / Miami Gardens,Hard Rock Stadium area,25.958,-80.2389,104,187,26.0,-80.25,24,156,2026-07-28 12:00 UTC,prob_gt_2inch_percent,Probability > 2 inch,%,1.6640424728393555,1.141369342803955,1.456703884260995,1.4048904180526733,1.9039928913116455,1.7727923393249512,14,False
2026072200,miami_gardens,Miami / Miami Gardens,Miami / Miami Gardens,Hard Rock Stadium area,25.958,-80.2389,104,187,26.0,-80.25,25,162,2026-07-28 18:00 UTC,prob_gt_2inch_percent,Probability > 2 inch,%,1.7115235328674316,1.2001752853393555,1.5080294438770838,1.5325665473937988,1.7904162406921387,1.7046034336090088,14,False
2026072200,miami_gardens,Miami / Miami Gardens,Miami / Miami Gardens,Hard Rock Stadium area,25.958,-80.2389,104,187,26.0,-80.25,26,168,2026-07-29 00:00 UTC,prob_gt_2inch_percent,Probability > 2 inch,%,1.7306864261627197,1.2585759162902832,1.6270739691598075,1.7047017812728882,1.8083393573760986,1.783040165901184,14,False
2026072200,miami_gardens,Miami / Miami Gardens,Miami / Miami Gardens,Hard Rock Stadium area,25.958,-80.2389,104,187,26.0,-80.25,27,174,2026-07-29 06:00 UTC,prob_gt_2inch_percent,Probability > 2 inch,%,1.5426278114318848,0.8185982704162598,1.4172698770250594,1.5156984329223633,1.8658161163330078,1.7701232433319092,14,False
2026072200,miami_gardens,Miami / Miami Gardens,Miami / Miami Gardens,Hard Rock Stadium area,25.958,-80.2389,104,187,26.0,-80.25,28,180,2026-07-29 12:00 UTC,prob_gt_2inch_percent,Probability > 2 inch,%,0.9763479232788086,0.47968626022338867,0.8366120713097709,0.8563071489334106,1.225215196609497,1.044926643371582,14,False
2026072200,miami_gardens,Miami / Miami Gardens,Miami / Miami Gardens,Hard Rock Stadium area,25.958,-80.2389,104,187,26.0,-80.25,29,186,2026-07-29 18:00 UTC,prob_gt_2inch_percent,Probability > 2 inch,%,0.69732666015625,0.15067458152770996,0.5150599139077323,0.5496054887771606,0.8643746376037598,0.7822322845458984,14,False
2026072200,miami_gardens,Miami / Miami Gardens,Miami / Miami Gardens,Hard Rock Stadium area,25.958,-80.2389,104,187,26.0,-80.25,30,192,2026-07-30 00:00 UTC,prob_gt_2inch_percent,Probability > 2 inch,%,0.8291244506835938,0.34869909286499023,0.7806918450764248,0.8085250854492188,1.1619329452514648,1.0329055786132812,14,False
2026072200,miami_gardens,Miami / Miami Gardens,Miami / Miami Gardens,Hard Rock Stadium area,25.958,-80.2389,104,187,26.0,-80.25,0,12,2026-07-22 12:00 UTC,prob_gt_2yr12h_ari_percent,Probability > 2-year 12-h ARI,%,0.012511014938354492,0.000286102294921875,0.009084599358694894,0.004613399505615234,0.03864169120788574,0.024790763854980476,14,False
2026072200,miami_gardens,Miami / Miami Gardens,Miami / Miami Gardens,Hard Rock Stadium area,25.958,-80.2389,104,187,26.0,-80.25,1,18,2026-07-22 18:00 UTC,prob_gt_2yr12h_ari_percent,Probability > 2-year 12-h ARI,%,0.021266937255859375,5.9604644775390625e-05,0.009318334715706962,0.00629425048828125,0.034230947494506836,0.019823908805847175,14,False
2026072200,miami_gardens,Miami / Miami Gardens,Miami / Miami Gardens,Hard Rock Stadium area,25.958,-80.2389,104,187,26.0,-80.25,2,24,2026-07-23 00:00 UTC,prob_gt_2yr12h_ari_percent,Probability > 2-year 12-h ARI,%,0.0010251998901367188,0.00014901161193847656,0.030826670782906667,0.02707540988922119,0.09963512420654297,0.07338047027587892,14,False
2026072200,miami_gardens,Miami / Miami Gardens,Miami / Miami Gardens,Hard Rock Stadium area,25.958,-80.2389,104,187,26.0,-80.25,3,30,2026-07-23 06:00 UTC,prob_gt_2yr12h_ari_percent,Probability > 2-year 12-h ARI,%,1.1920928955078125e-05,0.0,0.03004797867366246,0.015091896057128906,0.12347102165222168,0.07863044738769533,14,False
2026072200,miami_gardens,Miami / Miami Gardens,Miami / Miami Gardens,Hard Rock Stadium area,25.958,-80.2389,104,187,26.0,-80.25,4,36,2026-07-23 12:00 UTC,prob_gt_2yr12h_ari_percent,Probability > 2-year 12-h ARI,%,0.0,0.0,4.2574746268136163e-07,0.0,5.9604644775390625e-06,0.0,14,False
2026072200,miami_gardens,Miami / Miami Gardens,Miami / Miami Gardens,Hard Rock Stadium area,25.958,-80.2389,104,187,26.0,-80.25,5,42,2026-07-23 18:00 UTC,prob_gt_2yr12h_ari_percent,Probability > 2-year 12-h ARI,%,0.0032842159271240234,0.0002086162567138672,0.006585461752755302,0.003129243850708008,0.021404027938842773,0.017335414886474613,14,False
2026072200,miami_gardens,Miami / Miami Gardens,Miami / Miami Gardens,Hard Rock Stadium area,25.958,-80.2389,104,187,26.0,-80.25,6,48,2026-07-24 00:00 UTC,prob_gt_2yr12h_ari_percent,Probability > 2-year 12-h ARI,%,0.010883808135986328,0.006806850433349609,0.017814976828438894,0.015440583229064941,0.0371098518371582,0.030373930931091316,14,False
2026072200,miami_gardens,Miami / Miami Gardens,Miami / Miami Gardens,Hard Rock Stadium area,25.958,-80.2389,104,187,26.0,-80.25,7,54,2026-07-24 06:00 UTC,prob_gt_2yr12h_ari_percent,Probability > 2-year 12-h ARI,%,0.014108419418334961,7.748603820800781e-05,0.01292313848223005,0.009119510650634766,0.03572702407836914,0.03220736980438233,14,False
2026072200,miami_gardens,Miami / Miami Gardens,Miami / Miami Gardens,Hard Rock Stadium area,25.958,-80.2389,104,187,26.0,-80.25,8,60,2026-07-24 12:00 UTC,prob_gt_2yr12h_ari_percent,Probability > 2-year 12-h ARI,%,0.047659873962402344,1.7881393432617188e-05,0.03527530602046421,0.038117170333862305,0.09066462516784668,0.07813870906829834,14,False
2026072200,miami_gardens,Miami / Miami Gardens,Miami / Miami Gardens,Hard Rock Stadium area,25.958,-80.2389,104,187,26.0,-80.25,9,66,2026-07-24 18:00 UTC,prob_gt_2yr12h_ari_percent,Probability > 2-year 12-h ARI,%,0.07731318473815918,0.07225871086120605,0.10789079325539726,0.0998765230178833,0.165557861328125,0.15619397163391116,14,False
2026072200,miami_gardens,Miami / Miami Gardens,Miami / Miami Gardens,Hard Rock Stadium area,25.958,-80.2389,104,187,26.0,-80.25,10,72,2026-07-25 00:00 UTC,prob_gt_2yr12h_ari_percent,Probability > 2-year 12-h ARI,%,0.05069375038146973,0.03511309623718262,0.13033492224557058,0.13472437858581543,0.27027130126953125,0.22687852382659912,14,False
2026072200,miami_gardens,Miami / Miami Gardens,Miami / Miami Gardens,Hard Rock Stadium area,25.958,-80.2389,104,187,26.0,-80.25,11,78,2026-07-25 06:00 UTC,prob_gt_2yr12h_ari_percent,Probability > 2-year 12-h ARI,%,0.04047751426696777,0.03025531768798828,0.10990628174373082,0.09941160678863525,0.24120807647705078,0.19144117832183838,14,False
2026072200,miami_gardens,Miami / Miami Gardens,Miami / Miami Gardens,Hard Rock Stadium area,25.958,-80.2389,104,187,26.0,-80.25,12,84,2026-07-25 12:00 UTC,prob_gt_2yr12h_ari_percent,Probability > 2-year 12-h ARI,%,0.15516877174377441,0.12940168380737305,0.17340268407549178,0.17622709274291992,0.20507574081420898,0.2006727457046509,14,False
2026072200,miami_gardens,Miami / Miami Gardens,Miami / Miami Gardens,Hard Rock Stadium area,25.958,-80.2389,104,187,26.0,-80.25,13,90,2026-07-25 18:00 UTC,prob_gt_2yr12h_ari_percent,Probability > 2-year 12-h ARI,%,0.1432478427886963,0.11647343635559082,0.1659895692552839,0.16009807586669922,0.21335482597351074,0.2106088399887085,14,False
2026072200,miami_gardens,Miami / Miami Gardens,Miami / Miami Gardens,Hard Rock Stadium area,25.958,-80.2389,104,187,26.0,-80.25,14,96,2026-07-26 00:00 UTC,prob_gt_2yr12h_ari_percent,Probability > 2-year 12-h ARI,%,0.0966787338256836,0.05174875259399414,0.19332723958151682,0.19123852252960205,0.37506818771362305,0.33521175384521484,14,False
2026072200,miami_gardens,Miami / Miami Gardens,Miami / Miami Gardens,Hard Rock Stadium area,25.958,-80.2389,104,187,26.0,-80.25,15,102,2026-07-26 06:00 UTC,prob_gt_2yr12h_ari_percent,Probability > 2-year 12-h ARI,%,0.11152029037475586,0.06504058837890625,0.22899763924734934,0.22763311862945557,0.4671633243560791,0.3858768939971924,14,False
2026072200,miami_gardens,Miami / Miami Gardens,Miami / Miami Gardens,Hard Rock Stadium area,25.958,-80.2389,104,187,26.0,-80.25,16,108,2026-07-26 12:00 UTC,prob_gt_2yr12h_ari_percent,Probability > 2-year 12-h ARI,%,0.10163187980651855,0.03536343574523926,0.13521569115774973,0.13484656810760498,0.22745728492736816,0.21867096424102786,14,False
2026072200,miami_gardens,Miami / Miami Gardens,Miami / Miami Gardens,Hard Rock Stadium area,25.958,-80.2389,104,187,26.0,-80.25,17,114,2026-07-26 18:00 UTC,prob_gt_2yr12h_ari_percent,Probability > 2-year 12-h ARI,%,0.12608766555786133,0.1035153865814209,0.17479572977338517,0.15369951725006104,0.2813279628753662,0.2653813362121582,14,False
2026072200,miami_gardens,Miami / Miami Gardens,Miami / Miami Gardens,Hard Rock Stadium area,25.958,-80.2389,104,187,26.0,-80.25,18,120,2026-07-27 00:00 UTC,prob_gt_2yr12h_ari_percent,Probability > 2-year 12-h ARI,%,0.19368529319763184,0.16826391220092773,0.30222833156585693,0.32537877559661865,0.43334364891052246,0.4232501983642578,14,False
2026072200,miami_gardens,Miami / Miami Gardens,Miami / Miami Gardens,Hard Rock Stadium area,25.958,-80.2389,104,187,26.0,-80.25,19,126,2026-07-27 06:00 UTC,prob_gt_2yr12h_ari_percent,Probability > 2-year 12-h ARI,%,0.23344159126281738,0.1978456974029541,0.33135030950818745,0.35746991634368896,0.4534900188446045,0.4461270570755005,14,False
2026072200,miami_gardens,Miami / Miami Gardens,Miami / Miami Gardens,Hard Rock Stadium area,25.958,-80.2389,104,187,26.0,-80.25,20,132,2026-07-27 12:00 UTC,prob_gt_2yr12h_ari_percent,Probability > 2-year 12-h ARI,%,0.23916363716125488,0.23916363716125488,0.320405193737575,0.3125905990600586,0.4280567169189453,0.4082578420639038,14,False
2026072200,miami_gardens,Miami / Miami Gardens,Miami / Miami Gardens,Hard Rock Stadium area,25.958,-80.2389,104,187,26.0,-80.25,21,138,2026-07-27 18:00 UTC,prob_gt_2yr12h_ari_percent,Probability > 2-year 12-h ARI,%,0.28363466262817383,0.28350353240966797,0.3594543252672468,0.34625232219696045,0.47856569290161133,0.453721284866333,14,False
2026072200,miami_gardens,Miami / Miami Gardens,Miami / Miami Gardens,Hard Rock Stadium area,25.958,-80.2389,104,187,26.0,-80.25,22,144,2026-07-28 00:00 UTC,prob_gt_2yr12h_ari_percent,Probability > 2-year 12-h ARI,%,0.25131702423095703,0.23276805877685547,0.36067707198006765,0.3693580627441406,0.504070520401001,0.4746419191360474,14,False
2026072200,miami_gardens,Miami / Miami Gardens,Miami / Miami Gardens,Hard Rock Stadium area,25.958,-80.2389,104,187,26.0,-80.25,23,150,2026-07-28 06:00 UTC,prob_gt_2yr12h_ari_percent,Probability > 2-year 12-h ARI,%,0.21640658378601074,0.1837611198425293,0.3336953265326364,0.31564831733703613,0.5062878131866455,0.4654407501220703,14,False
2026072200,miami_gardens,Miami / Miami Gardens,Miami / Miami Gardens,Hard Rock Stadium area,25.958,-80.2389,104,187,26.0,-80.25,24,156,2026-07-28 12:00 UTC,prob_gt_2yr12h_ari_percent,Probability > 2-year 12-h ARI,%,0.225144624710083,0.191575288772583,0.27330645493098665,0.2508312463760376,0.38152337074279785,0.3637665510177613,14,False
2026072200,miami_gardens,Miami / Miami Gardens,Miami / Miami Gardens,Hard Rock Stadium area,25.958,-80.2389,104,187,26.0,-80.25,25,162,2026-07-28 18:00 UTC,prob_gt_2yr12h_ari_percent,Probability > 2-year 12-h ARI,%,0.23214221000671387,0.2312302589416504,0.27705984456198557,0.2892613410949707,0.3162801265716553,0.3125488758087158,14,False
2026072200,miami_gardens,Miami / Miami Gardens,Miami / Miami Gardens,Hard Rock Stadium area,25.958,-80.2389,104,187,26.0,-80.25,26,168,2026-07-29 00:00 UTC,prob_gt_2yr12h_ari_percent,Probability > 2-year 12-h ARI,%,0.19907355308532715,0.15949606895446777,0.277100716318403,0.29325783252716064,0.3837764263153076,0.3802359104156494,14,False
2026072200,miami_gardens,Miami / Miami Gardens,Miami / Miami Gardens,Hard Rock Stadium area,25.958,-80.2389,104,187,26.0,-80.25,27,174,2026-07-29 06:00 UTC,prob_gt_2yr12h_ari_percent,Probability > 2-year 12-h ARI,%,0.1848757266998291,0.10521411895751953,0.24886769907815115,0.24653077125549316,0.39370059967041016,0.3637397289276123,14,False
2026072200,miami_gardens,Miami / Miami Gardens,Miami / Miami Gardens,Hard Rock Stadium area,25.958,-80.2389,104,187,26.0,-80.25,28,180,2026-07-29 12:00 UTC,prob_gt_2yr12h_ari_percent,Probability > 2-year 12-h ARI,%,0.12177228927612305,0.03930330276489258,0.13605185917445592,0.12950003147125244,0.23699402809143066,0.22521793842315677,14,False
2026072200,miami_gardens,Miami / Miami Gardens,Miami / Miami Gardens,Hard Rock Stadium area,25.958,-80.2389,104,187,26.0,-80.25,29,186,2026-07-29 18:00 UTC,prob_gt_2yr12h_ari_percent,Probability > 2-year 12-h ARI,%,0.06377696990966797,0.003629922866821289,0.06554467337472099,0.055727362632751465,0.1450181007385254,0.1378583908081055,14,False
2026072200,miami_gardens,Miami / Miami Gardens,Miami / Miami Gardens,Hard Rock Stadium area,25.958,-80.2389,104,187,26.0,-80.25,30,192,2026-07-30 00:00 UTC,prob_gt_2yr12h_ari_percent,Probability > 2-year 12-h ARI,%,0.08907914161682129,0.02149343490600586,0.12119795594896589,0.1202315092086792,0.22203922271728516,0.20096302032470703,14,False
2026072200,miami_gardens,Miami / Miami Gardens,Miami / Miami Gardens,Hard Rock Stadium area,25.958,-80.2389,104,187,26.0,-80.25,0,12,2026-07-22 12:00 UTC,prob_gt_5yr12h_ari_percent,Probability > 5-year 12-h ARI,%,0.002676248550415039,3.5762786865234375e-05,0.002366730145045689,0.0008195638656616211,0.011795759201049805,0.006560087203979492,14,False
2026072200,miami_gardens,Miami / Miami Gardens,Miami / Miami Gardens,Hard Rock Stadium area,25.958,-80.2389,104,187,26.0,-80.25,1,18,2026-07-22 18:00 UTC,prob_gt_5yr12h_ari_percent,Probability > 5-year 12-h ARI,%,0.005090236663818359,5.9604644775390625e-06,0.0022585902895246234,0.0013947486877441406,0.009042024612426758,0.0048023462295532235,14,False
2026072200,miami_gardens,Miami / Miami Gardens,Miami / Miami Gardens,Hard Rock Stadium area,25.958,-80.2389,104,187,26.0,-80.25,2,24,2026-07-23 00:00 UTC,prob_gt_5yr12h_ari_percent,Probability > 5-year 12-h ARI,%,0.0001251697540283203,1.1920928955078125e-05,0.009967173848833357,0.007748603820800781,0.03265738487243652,0.02449214458465576,14,False
2026072200,miami_gardens,Miami / Miami Gardens,Miami / Miami Gardens,Hard Rock Stadium area,25.958,-80.2389,104,187,26.0,-80.25,3,30,2026-07-23 06:00 UTC,prob_gt_5yr12h_ari_percent,Probability > 5-year 12-h ARI,%,0.0,0.0,0.010354604039873396,0.003987550735473633,0.04366636276245117,0.028567314147949226,14,False
2026072200,miami_gardens,Miami / Miami Gardens,Miami / Miami Gardens,Hard Rock Stadium area,25.958,-80.2389,104,187,26.0,-80.25,4,36,2026-07-23 12:00 UTC,prob_gt_5yr12h_ari_percent,Probability > 5-year 12-h ARI,%,0.0,0.0,0.0,0.0,0.0,0.0,14,False
2026072200,miami_gardens,Miami / Miami Gardens,Miami / Miami Gardens,Hard Rock Stadium area,25.958,-80.2389,104,187,26.0,-80.25,5,42,2026-07-23 18:00 UTC,prob_gt_5yr12h_ari_percent,Probability > 5-year 12-h ARI,%,0.0005424022674560547,1.7881393432617188e-05,0.0016574348722185408,0.0005632638931274414,0.0057756900787353516,0.0047194957733154306,14,False
2026072200,miami_gardens,Miami / Miami Gardens,Miami / Miami Gardens,Hard Rock Stadium area,25.958,-80.2389,104,187,26.0,-80.25,6,48,2026-07-24 00:00 UTC,prob_gt_5yr12h_ari_percent,Probability > 5-year 12-h ARI,%,0.002288818359375,0.001811981201171875,0.004967621394566127,0.003910064697265625,0.010520219802856445,0.009926557540893556,14,False
2026072200,miami_gardens,Miami / Miami Gardens,Miami / Miami Gardens,Hard Rock Stadium area,25.958,-80.2389,104,187,26.0,-80.25,7,54,2026-07-24 06:00 UTC,prob_gt_5yr12h_ari_percent,Probability > 5-year 12-h ARI,%,0.003319978713989258,1.1920928955078125e-05,0.003673349108014788,0.0021725893020629883,0.01245737075805664,0.009431838989257814,14,False
2026072200,miami_gardens,Miami / Miami Gardens,Miami / Miami Gardens,Hard Rock Stadium area,25.958,-80.2389,104,187,26.0,-80.25,8,60,2026-07-24 12:00 UTC,prob_gt_5yr12h_ari_percent,Probability > 5-year 12-h ARI,%,0.014734268188476562,0.0,0.012144020625523158,0.013107061386108398,0.03304481506347656,0.030042529106140144,14,False
2026072200,miami_gardens,Miami / Miami Gardens,Miami / Miami Gardens,Hard Rock Stadium area,25.958,-80.2389,104,187,26.0,-80.25,9,66,2026-07-24 18:00 UTC,prob_gt_5yr12h_ari_percent,Probability > 5-year 12-h ARI,%,0.024628639221191406,0.024628639221191406,0.0418931245803833,0.04095137119293213,0.06865262985229492,0.06098031997680664,14,False
2026072200,miami_gardens,Miami / Miami Gardens,Miami / Miami Gardens,Hard Rock Stadium area,25.958,-80.2389,104,187,26.0,-80.25,10,72,2026-07-25 00:00 UTC,prob_gt_5yr12h_ari_percent,Probability > 5-year 12-h ARI,%,0.01519918441772461,0.010001659393310547,0.052484018462044854,0.05290806293487549,0.11019110679626465,0.09415507316589355,14,False
2026072200,miami_gardens,Miami / Miami Gardens,Miami / Miami Gardens,Hard Rock Stadium area,25.958,-80.2389,104,187,26.0,-80.25,11,78,2026-07-25 06:00 UTC,prob_gt_5yr12h_ari_percent,Probability > 5-year 12-h ARI,%,0.011521577835083008,0.009006261825561523,0.04471242427825928,0.03941953182220459,0.10095834732055664,0.08293330669403078,14,False
2026072200,miami_gardens,Miami / Miami Gardens,Miami / Miami Gardens,Hard Rock Stadium area,25.958,-80.2389,104,187,26.0,-80.25,12,84,2026-07-25 12:00 UTC,prob_gt_5yr12h_ari_percent,Probability > 5-year 12-h ARI,%,0.0568389892578125,0.05353689193725586,0.07409964288984026,0.07459521293640137,0.10149478912353516,0.0941365957260132,14,False
2026072200,miami_gardens,Miami / Miami Gardens,Miami / Miami Gardens,Hard Rock Stadium area,25.958,-80.2389,104,187,26.0,-80.25,13,90,2026-07-25 18:00 UTC,prob_gt_5yr12h_ari_percent,Probability > 5-year 12-h ARI,%,0.0514984130859375,0.048851966857910156,0.07048206669943673,0.06534457206726074,0.10145902633666992,0.09494662284851074,14,False
2026072200,miami_gardens,Miami / Miami Gardens,Miami / Miami Gardens,Hard Rock Stadium area,25.958,-80.2389,104,187,26.0,-80.25,14,96,2026-07-26 00:00 UTC,prob_gt_5yr12h_ari_percent,Probability > 5-year 12-h ARI,%,0.0337064266204834,0.0180661678314209,0.08223439965929304,0.0829935073852539,0.15984177589416504,0.14649391174316406,14,False
2026072200,miami_gardens,Miami / Miami Gardens,Miami / Miami Gardens,Hard Rock Stadium area,25.958,-80.2389,104,187,26.0,-80.25,15,102,2026-07-26 06:00 UTC,prob_gt_5yr12h_ari_percent,Probability > 5-year 12-h ARI,%,0.03998279571533203,0.023764371871948242,0.09949377604893275,0.10262429714202881,0.20393133163452148,0.17041802406311035,14,False
2026072200,miami_gardens,Miami / Miami Gardens,Miami / Miami Gardens,Hard Rock Stadium area,25.958,-80.2389,104,187,26.0,-80.25,16,108,2026-07-26 12:00 UTC,prob_gt_5yr12h_ari_percent,Probability > 5-year 12-h ARI,%,0.03717541694641113,0.011414289474487305,0.05906351975032261,0.05745887756347656,0.10436773300170898,0.0990957021713257,14,False
2026072200,miami_gardens,Miami / Miami Gardens,Miami / Miami Gardens,Hard Rock Stadium area,25.958,-80.2389,104,187,26.0,-80.25,17,114,2026-07-26 18:00 UTC,prob_gt_5yr12h_ari_percent,Probability > 5-year 12-h ARI,%,0.047075748443603516,0.04024505615234375,0.07777384349278041,0.0691533088684082,0.13192296028137207,0.12281596660614015,14,False
2026072200,miami_gardens,Miami / Miami Gardens,Miami / Miami Gardens,Hard Rock Stadium area,25.958,-80.2389,104,187,26.0,-80.25,18,120,2026-07-27 00:00 UTC,prob_gt_5yr12h_ari_percent,Probability > 5-year 12-h ARI,%,0.0686347484588623,0.06393194198608398,0.13060782636914933,0.13733506202697754,0.1931607723236084,0.1914757490158081,14,False
2026072200,miami_gardens,Miami / Miami Gardens,Miami / Miami Gardens,Hard Rock Stadium area,25.958,-80.2389,104,187,26.0,-80.25,19,126,2026-07-27 06:00 UTC,prob_gt_5yr12h_ari_percent,Probability > 5-year 12-h ARI,%,0.08394718170166016,0.07698535919189453,0.1456937619618007,0.15365779399871826,0.21780133247375488,0.2028954029083252,14,False
2026072200,miami_gardens,Miami / Miami Gardens,Miami / Miami Gardens,Hard Rock Stadium area,25.958,-80.2389,104,187,26.0,-80.25,20,132,2026-07-27 12:00 UTC,prob_gt_5yr12h_ari_percent,Probability > 5-year 12-h ARI,%,0.09464621543884277,0.09464621543884277,0.1528642007282802,0.15901029109954834,0.2166152000427246,0.20781397819519046,14,False
2026072200,miami_gardens,Miami / Miami Gardens,Miami / Miami Gardens,Hard Rock Stadium area,25.958,-80.2389,104,187,26.0,-80.25,21,138,2026-07-27 18:00 UTC,prob_gt_5yr12h_ari_percent,Probability > 5-year 12-h ARI,%,0.11405348777770996,0.11405348777770996,0.1714123146874564,0.17321407794952393,0.23383498191833496,0.22319912910461426,14,False
2026072200,miami_gardens,Miami / Miami Gardens,Miami / Miami Gardens,Hard Rock Stadium area,25.958,-80.2389,104,187,26.0,-80.25,22,144,2026-07-28 00:00 UTC,prob_gt_5yr12h_ari_percent,Probability > 5-year 12-h ARI,%,0.09312629699707031,0.09312629699707031,0.1625861440386091,0.17284750938415527,0.23981928825378418,0.2285963296890259,14,False
2026072200,miami_gardens,Miami / Miami Gardens,Miami / Miami Gardens,Hard Rock Stadium area,25.958,-80.2389,104,187,26.0,-80.25,23,150,2026-07-28 06:00 UTC,prob_gt_5yr12h_ari_percent,Probability > 5-year 12-h ARI,%,0.08124113082885742,0.08124113082885742,0.15432451452527726,0.15571117401123047,0.2427816390991211,0.23193597793579104,14,False
2026072200,miami_gardens,Miami / Miami Gardens,Miami / Miami Gardens,Hard Rock Stadium area,25.958,-80.2389,104,187,26.0,-80.25,24,156,2026-07-28 12:00 UTC,prob_gt_5yr12h_ari_percent,Probability > 5-year 12-h ARI,%,0.09284019470214844,0.09284019470214844,0.13190465314047678,0.1184701919555664,0.19037723541259766,0.17854273319244385,14,False
2026072200,miami_gardens,Miami / Miami Gardens,Miami / Miami Gardens,Hard Rock Stadium area,25.958,-80.2389,104,187,26.0,-80.25,25,162,2026-07-28 18:00 UTC,prob_gt_5yr12h_ari_percent,Probability > 5-year 12-h ARI,%,0.09582042694091797,0.09582042694091797,0.1332240445273263,0.1409590244293213,0.16878247261047363,0.16389131546020508,14,False
2026072200,miami_gardens,Miami / Miami Gardens,Miami / Miami Gardens,Hard Rock Stadium area,25.958,-80.2389,104,187,26.0,-80.25,26,168,2026-07-29 00:00 UTC,prob_gt_5yr12h_ari_percent,Probability > 5-year 12-h ARI,%,0.0758051872253418,0.06561875343322754,0.12778171471187047,0.13251006603240967,0.1872539520263672,0.18247663974761963,14,False
2026072200,miami_gardens,Miami / Miami Gardens,Miami / Miami Gardens,Hard Rock Stadium area,25.958,-80.2389,104,187,26.0,-80.25,27,174,2026-07-29 06:00 UTC,prob_gt_5yr12h_ari_percent,Probability > 5-year 12-h ARI,%,0.07190704345703125,0.04718303680419922,0.11602767876216344,0.11682510375976562,0.18895268440246582,0.18231987953186038,14,False
2026072200,miami_gardens,Miami / Miami Gardens,Miami / Miami Gardens,Hard Rock Stadium area,25.958,-80.2389,104,187,26.0,-80.25,28,180,2026-07-29 12:00 UTC,prob_gt_5yr12h_ari_percent,Probability > 5-year 12-h ARI,%,0.0484466552734375,0.014710426330566406,0.06139576435089111,0.053191184997558594,0.11515617370605469,0.10547637939453125,14,False
2026072200,miami_gardens,Miami / Miami Gardens,Miami / Miami Gardens,Hard Rock Stadium area,25.958,-80.2389,104,187,26.0,-80.25,29,186,2026-07-29 18:00 UTC,prob_gt_5yr12h_ari_percent,Probability > 5-year 12-h ARI,%,0.02187490463256836,0.0006973743438720703,0.02641763005937849,0.020647048950195312,0.06448626518249512,0.0578373670578003,14,False
2026072200,miami_gardens,Miami / Miami Gardens,Miami / Miami Gardens,Hard Rock Stadium area,25.958,-80.2389,104,187,26.0,-80.25,30,192,2026-07-30 00:00 UTC,prob_gt_5yr12h_ari_percent,Probability > 5-year 12-h ARI,%,0.03300309181213379,0.007140636444091797,0.05367483411516462,0.05143880844116211,0.10437965393066406,0.09127497673034668,14,False
