init,city_id,city_name,market,stadium_area,city_lat,city_lon,grid_i,grid_j,grid_lat,grid_lon,record,lead_hour,valid_time,product_id,product_label,units,nearest_value,box_min,box_mean,box_median,box_max,box_p90,n_finite_5x5,is_sample_data
2026100300,kansas_city,Kansas City,Kansas City,Arrowhead Stadium area,39.049,-94.4839,52,130,39.0,-94.5,0,12,2026-10-03 12:00 UTC,expected_precip,Expected precipitation,mm per 12h,0.01951555162668228,0.01947750709950924,0.019516213312745095,0.01951555162668228,0.019546862691640854,0.019544126838445662,25,False
2026100300,kansas_city,Kansas City,Kansas City,Arrowhead Stadium area,39.049,-94.4839,52,130,39.0,-94.5,1,18,2026-10-03 18:00 UTC,expected_precip,Expected precipitation,mm per 12h,0.02019524946808815,0.02012842893600464,0.020196710154414176,0.02019524946808815,0.020278409123420715,0.020247729122638704,25,False
2026100300,kansas_city,Kansas City,Kansas City,Arrowhead Stadium area,39.049,-94.4839,52,130,39.0,-94.5,2,24,2026-10-04 00:00 UTC,expected_precip,Expected precipitation,mm per 12h,0.020872097462415695,0.02080225571990013,0.020870822817087173,0.020866241306066513,0.020947925746440887,0.020920835062861444,25,False
2026100300,kansas_city,Kansas City,Kansas City,Arrowhead Stadium area,39.049,-94.4839,52,130,39.0,-94.5,3,30,2026-10-04 06:00 UTC,expected_precip,Expected precipitation,mm per 12h,0.021052345633506775,0.02099122293293476,0.021050461158156394,0.021052345633506775,0.02109689824283123,0.021093793958425523,25,False
2026100300,kansas_city,Kansas City,Kansas City,Arrowhead Stadium area,39.049,-94.4839,52,130,39.0,-94.5,4,36,2026-10-04 12:00 UTC,expected_precip,Expected precipitation,mm per 12h,0.021474281325936317,0.021401721984148026,0.021475615203380583,0.021474281325936317,0.02156650461256504,0.021535639837384223,25,False
2026100300,kansas_city,Kansas City,Kansas City,Arrowhead Stadium area,39.049,-94.4839,52,130,39.0,-94.5,5,42,2026-10-04 18:00 UTC,expected_precip,Expected precipitation,mm per 12h,0.022281987592577934,0.022142460569739342,0.022284478098154068,0.022281987592577934,0.022447995841503143,0.02238718084990978,25,False
2026100300,kansas_city,Kansas City,Kansas City,Arrowhead Stadium area,39.049,-94.4839,52,130,39.0,-94.5,6,48,2026-10-05 00:00 UTC,expected_precip,Expected precipitation,mm per 12h,0.022803742438554764,0.022662462666630745,0.02280274510383606,0.022803742438554764,0.022956838831305504,0.02290174029767513,25,False
2026100300,kansas_city,Kansas City,Kansas City,Arrowhead Stadium area,39.049,-94.4839,52,130,39.0,-94.5,7,54,2026-10-05 06:00 UTC,expected_precip,Expected precipitation,mm per 12h,0.023066770285367966,0.022940028458833694,0.023064546287059784,0.023066770285367966,0.02320045419037342,0.02315715476870537,25,False
2026100300,kansas_city,Kansas City,Kansas City,Arrowhead Stadium area,39.049,-94.4839,52,130,39.0,-94.5,8,60,2026-10-05 12:00 UTC,expected_precip,Expected precipitation,mm per 12h,0.024059507995843887,0.02387501485645771,0.02406083308160305,0.02405470795929432,0.02427106723189354,0.02419607751071453,25,False
2026100300,kansas_city,Kansas City,Kansas City,Arrowhead Stadium area,39.049,-94.4839,52,130,39.0,-94.5,9,66,2026-10-05 18:00 UTC,expected_precip,Expected precipitation,mm per 12h,0.02507324144244194,0.024798940867185593,0.025073619186878206,0.02507324144244194,0.02537473849952221,0.02526601292192936,25,False
2026100300,kansas_city,Kansas City,Kansas City,Arrowhead Stadium area,39.049,-94.4839,52,130,39.0,-94.5,10,72,2026-10-06 00:00 UTC,expected_precip,Expected precipitation,mm per 12h,0.02526801824569702,0.025012250989675522,0.02526695802807808,0.02526801824569702,0.02553846314549446,0.02544228844344616,25,False
2026100300,kansas_city,Kansas City,Kansas City,Arrowhead Stadium area,39.049,-94.4839,52,130,39.0,-94.5,11,78,2026-10-06 06:00 UTC,expected_precip,Expected precipitation,mm per 12h,0.025692427530884743,0.02544618956744671,0.025690465718507766,0.025683753192424774,0.025950338691473007,0.025860943645238877,25,False
2026100300,kansas_city,Kansas City,Kansas City,Arrowhead Stadium area,39.049,-94.4839,52,130,39.0,-94.5,12,84,2026-10-06 12:00 UTC,expected_precip,Expected precipitation,mm per 12h,0.027381394058465958,0.027054578065872192,0.027382415160536765,0.027375509962439537,0.027739884331822395,0.027614852413535118,25,False
2026100300,kansas_city,Kansas City,Kansas City,Arrowhead Stadium area,39.049,-94.4839,52,130,39.0,-94.5,13,90,2026-10-06 18:00 UTC,expected_precip,Expected precipitation,mm per 12h,0.028713982552289963,0.028264502063393593,0.02871118128299713,0.028713982552289963,0.029185816645622253,0.0290184136480093,25,False
2026100300,kansas_city,Kansas City,Kansas City,Arrowhead Stadium area,39.049,-94.4839,52,130,39.0,-94.5,14,96,2026-10-07 00:00 UTC,expected_precip,Expected precipitation,mm per 12h,0.028452586382627487,0.02805953100323677,0.028452263250946998,0.028452586382627487,0.02886614389717579,0.028720925375819207,25,False
2026100300,kansas_city,Kansas City,Kansas City,Arrowhead Stadium area,39.049,-94.4839,52,130,39.0,-94.5,15,102,2026-10-07 06:00 UTC,expected_precip,Expected precipitation,mm per 12h,0.029006075114011765,0.028604120016098022,0.029005496203899382,0.029006075114011765,0.029430953785777092,0.029283471032977106,25,False
2026100300,kansas_city,Kansas City,Kansas City,Arrowhead Stadium area,39.049,-94.4839,52,130,39.0,-94.5,16,108,2026-10-07 12:00 UTC,expected_precip,Expected precipitation,mm per 12h,0.03148318827152252,0.030959084630012512,0.03147962793707847,0.03147105127573013,0.032031118869781494,0.031841724365949634,25,False
2026100300,kansas_city,Kansas City,Kansas City,Arrowhead Stadium area,39.049,-94.4839,52,130,39.0,-94.5,17,114,2026-10-07 18:00 UTC,expected_precip,Expected precipitation,mm per 12h,0.033236246556043625,0.03255913779139519,0.033231756687164306,0.033236246556043625,0.03393927216529846,0.03369104638695717,25,False
2026100300,kansas_city,Kansas City,Kansas City,Arrowhead Stadium area,39.049,-94.4839,52,130,39.0,-94.5,18,120,2026-10-08 00:00 UTC,expected_precip,Expected precipitation,mm per 12h,0.032418716698884964,0.03186675161123276,0.03242028594017029,0.032418716698884964,0.03300323337316513,0.03280038610100746,25,False
2026100300,kansas_city,Kansas City,Kansas City,Arrowhead Stadium area,39.049,-94.4839,52,130,39.0,-94.5,19,126,2026-10-08 06:00 UTC,expected_precip,Expected precipitation,mm per 12h,0.0332145057618618,0.032627515494823456,0.033215442895889284,0.0332145057618618,0.03383925184607506,0.0336228035390377,25,False
2026100300,kansas_city,Kansas City,Kansas City,Arrowhead Stadium area,39.049,-94.4839,52,130,39.0,-94.5,20,132,2026-10-08 12:00 UTC,expected_precip,Expected precipitation,mm per 12h,0.03772103041410446,0.0362233966588974,0.039774319380521776,0.03719392046332359,0.06795419752597809,0.047963602840900434,25,False
2026100300,kansas_city,Kansas City,Kansas City,Arrowhead Stadium area,39.049,-94.4839,52,130,39.0,-94.5,21,138,2026-10-08 18:00 UTC,expected_precip,Expected precipitation,mm per 12h,0.04559387266635895,0.03849893435835838,0.08985980585217476,0.04559387266635895,0.31920313835144043,0.17504488229751589,25,False
2026100300,kansas_city,Kansas City,Kansas City,Arrowhead Stadium area,39.049,-94.4839,52,130,39.0,-94.5,22,144,2026-10-09 00:00 UTC,expected_precip,Expected precipitation,mm per 12h,0.043787725269794464,0.03724187985062599,0.0836442531645298,0.043787725269794464,0.2928560674190521,0.16147634685039522,25,False
2026100300,kansas_city,Kansas City,Kansas City,Arrowhead Stadium area,39.049,-94.4839,52,130,39.0,-94.5,23,150,2026-10-09 06:00 UTC,expected_precip,Expected precipitation,mm per 12h,0.03975243866443634,0.03787211328744888,0.04307170748710632,0.03966081142425537,0.08002415299415588,0.05308953970670701,25,False
2026100300,kansas_city,Kansas City,Kansas City,Arrowhead Stadium area,39.049,-94.4839,52,130,39.0,-94.5,24,156,2026-10-09 12:00 UTC,expected_precip,Expected precipitation,mm per 12h,0.09823110699653625,0.04613731801509857,0.12425481602549553,0.09823110699653625,0.4022374749183655,0.22815428972244267,25,False
2026100300,kansas_city,Kansas City,Kansas City,Arrowhead Stadium area,39.049,-94.4839,52,130,39.0,-94.5,25,162,2026-10-09 18:00 UTC,expected_precip,Expected precipitation,mm per 12h,0.2315358966588974,0.09658366441726685,0.19160161286592484,0.15210218727588654,0.5358096957206726,0.37308900356292735,25,False
2026100300,kansas_city,Kansas City,Kansas City,Arrowhead Stadium area,39.049,-94.4839,52,130,39.0,-94.5,26,168,2026-10-10 00:00 UTC,expected_precip,Expected precipitation,mm per 12h,0.08505185693502426,0.04476574435830116,0.0670789597928524,0.06458072364330292,0.08672493696212769,0.08498242944478988,25,False
2026100300,kansas_city,Kansas City,Kansas City,Arrowhead Stadium area,39.049,-94.4839,52,130,39.0,-94.5,27,174,2026-10-10 06:00 UTC,expected_precip,Expected precipitation,mm per 12h,0.04432550072669983,0.04339371621608734,0.044334187507629394,0.04432550072669983,0.04532933607697487,0.04500972405076027,25,False
2026100300,kansas_city,Kansas City,Kansas City,Arrowhead Stadium area,39.049,-94.4839,52,130,39.0,-94.5,28,180,2026-10-10 12:00 UTC,expected_precip,Expected precipitation,mm per 12h,0.04880320653319359,0.04750916361808777,0.04880014091730118,0.04878734052181244,0.05014817789196968,0.049693018198013306,25,False
2026100300,kansas_city,Kansas City,Kansas City,Arrowhead Stadium area,39.049,-94.4839,52,130,39.0,-94.5,29,186,2026-10-10 18:00 UTC,expected_precip,Expected precipitation,mm per 12h,0.051289934664964676,0.04982622712850571,0.05128896877169609,0.051289934664964676,0.05282077565789223,0.05228923186659813,25,False
2026100300,kansas_city,Kansas City,Kansas City,Arrowhead Stadium area,39.049,-94.4839,52,130,39.0,-94.5,30,192,2026-10-11 00:00 UTC,expected_precip,Expected precipitation,mm per 12h,0.1052229106426239,0.0523996539413929,0.1453039200603962,0.15222837030887604,0.22678649425506592,0.22348039746284484,25,False
2026100300,kansas_city,Kansas City,Kansas City,Arrowhead Stadium area,39.049,-94.4839,52,130,39.0,-94.5,0,12,2026-10-03 12:00 UTC,prob_gt_0p5inch_percent,Probability > 0.5 inch,%,0.0,0.0,0.0,0.0,0.0,0.0,25,False
2026100300,kansas_city,Kansas City,Kansas City,Arrowhead Stadium area,39.049,-94.4839,52,130,39.0,-94.5,1,18,2026-10-03 18:00 UTC,prob_gt_0p5inch_percent,Probability > 0.5 inch,%,0.0,0.0,0.0,0.0,0.0,0.0,25,False
2026100300,kansas_city,Kansas City,Kansas City,Arrowhead Stadium area,39.049,-94.4839,52,130,39.0,-94.5,2,24,2026-10-04 00:00 UTC,prob_gt_0p5inch_percent,Probability > 0.5 inch,%,0.0,0.0,0.0,0.0,0.0,0.0,25,False
2026100300,kansas_city,Kansas City,Kansas City,Arrowhead Stadium area,39.049,-94.4839,52,130,39.0,-94.5,3,30,2026-10-04 06:00 UTC,prob_gt_0p5inch_percent,Probability > 0.5 inch,%,0.0,0.0,0.0,0.0,0.0,0.0,25,False
2026100300,kansas_city,Kansas City,Kansas City,Arrowhead Stadium area,39.049,-94.4839,52,130,39.0,-94.5,4,36,2026-10-04 12:00 UTC,prob_gt_0p5inch_percent,Probability > 0.5 inch,%,0.0,0.0,0.0,0.0,0.0,0.0,25,False
2026100300,kansas_city,Kansas City,Kansas City,Arrowhead Stadium area,39.049,-94.4839,52,130,39.0,-94.5,5,42,2026-10-04 18:00 UTC,prob_gt_0p5inch_percent,Probability > 0.5 inch,%,0.0,0.0,0.0,0.0,0.0,0.0,25,False
2026100300,kansas_city,Kansas City,Kansas City,Arrowhead Stadium area,39.049,-94.4839,52,130,39.0,-94.5,6,48,2026-10-05 00:00 UTC,prob_gt_0p5inch_percent,Probability > 0.5 inch,%,0.0,0.0,0.0,0.0,0.0,0.0,25,False
2026100300,kansas_city,Kansas City,Kansas City,Arrowhead Stadium area,39.049,-94.4839,52,130,39.0,-94.5,7,54,2026-10-05 06:00 UTC,prob_gt_0p5inch_percent,Probability > 0.5 inch,%,0.0,0.0,0.0,0.0,0.0,0.0,25,False
2026100300,kansas_city,Kansas City,Kansas City,Arrowhead Stadium area,39.049,-94.4839,52,130,39.0,-94.5,8,60,2026-10-05 12:00 UTC,prob_gt_0p5inch_percent,Probability > 0.5 inch,%,0.0,0.0,0.0,0.0,0.0,0.0,25,False
2026100300,kansas_city,Kansas City,Kansas City,Arrowhead Stadium area,39.049,-94.4839,52,130,39.0,-94.5,9,66,2026-10-05 18:00 UTC,prob_gt_0p5inch_percent,Probability > 0.5 inch,%,0.0,0.0,0.0,0.0,0.0,0.0,25,False
2026100300,kansas_city,Kansas City,Kansas City,Arrowhead Stadium area,39.049,-94.4839,52,130,39.0,-94.5,10,72,2026-10-06 00:00 UTC,prob_gt_0p5inch_percent,Probability > 0.5 inch,%,0.0,0.0,0.0,0.0,0.0,0.0,25,False
2026100300,kansas_city,Kansas City,Kansas City,Arrowhead Stadium area,39.049,-94.4839,52,130,39.0,-94.5,11,78,2026-10-06 06:00 UTC,prob_gt_0p5inch_percent,Probability > 0.5 inch,%,0.0,0.0,0.0,0.0,0.0,0.0,25,False
2026100300,kansas_city,Kansas City,Kansas City,Arrowhead Stadium area,39.049,-94.4839,52,130,39.0,-94.5,12,84,2026-10-06 12:00 UTC,prob_gt_0p5inch_percent,Probability > 0.5 inch,%,0.0,0.0,0.0,0.0,0.0,0.0,25,False
2026100300,kansas_city,Kansas City,Kansas City,Arrowhead Stadium area,39.049,-94.4839,52,130,39.0,-94.5,13,90,2026-10-06 18:00 UTC,prob_gt_0p5inch_percent,Probability > 0.5 inch,%,0.0,0.0,0.0,0.0,0.0,0.0,25,False
2026100300,kansas_city,Kansas City,Kansas City,Arrowhead Stadium area,39.049,-94.4839,52,130,39.0,-94.5,14,96,2026-10-07 00:00 UTC,prob_gt_0p5inch_percent,Probability > 0.5 inch,%,0.0,0.0,0.0,0.0,0.0,0.0,25,False
2026100300,kansas_city,Kansas City,Kansas City,Arrowhead Stadium area,39.049,-94.4839,52,130,39.0,-94.5,15,102,2026-10-07 06:00 UTC,prob_gt_0p5inch_percent,Probability > 0.5 inch,%,0.0,0.0,0.0,0.0,0.0,0.0,25,False
2026100300,kansas_city,Kansas City,Kansas City,Arrowhead Stadium area,39.049,-94.4839,52,130,39.0,-94.5,16,108,2026-10-07 12:00 UTC,prob_gt_0p5inch_percent,Probability > 0.5 inch,%,0.0,0.0,0.0,0.0,0.0,0.0,25,False
2026100300,kansas_city,Kansas City,Kansas City,Arrowhead Stadium area,39.049,-94.4839,52,130,39.0,-94.5,17,114,2026-10-07 18:00 UTC,prob_gt_0p5inch_percent,Probability > 0.5 inch,%,0.0,0.0,0.0,0.0,0.0,0.0,25,False
2026100300,kansas_city,Kansas City,Kansas City,Arrowhead Stadium area,39.049,-94.4839,52,130,39.0,-94.5,18,120,2026-10-08 00:00 UTC,prob_gt_0p5inch_percent,Probability > 0.5 inch,%,0.0,0.0,0.0,0.0,0.0,0.0,25,False
2026100300,kansas_city,Kansas City,Kansas City,Arrowhead Stadium area,39.049,-94.4839,52,130,39.0,-94.5,19,126,2026-10-08 06:00 UTC,prob_gt_0p5inch_percent,Probability > 0.5 inch,%,0.0,0.0,0.0,0.0,0.0,0.0,25,False
2026100300,kansas_city,Kansas City,Kansas City,Arrowhead Stadium area,39.049,-94.4839,52,130,39.0,-94.5,20,132,2026-10-08 12:00 UTC,prob_gt_0p5inch_percent,Probability > 0.5 inch,%,0.0,0.0,2.1457672119140625e-06,0.0,5.364418029785156e-05,0.0,25,False
2026100300,kansas_city,Kansas City,Kansas City,Arrowhead Stadium area,39.049,-94.4839,52,130,39.0,-94.5,21,138,2026-10-08 18:00 UTC,prob_gt_0p5inch_percent,Probability > 0.5 inch,%,0.0,0.0,0.020651817321777344,0.0,0.26868581771850586,0.03336668014526368,25,False
2026100300,kansas_city,Kansas City,Kansas City,Arrowhead Stadium area,39.049,-94.4839,52,130,39.0,-94.5,22,144,2026-10-09 00:00 UTC,prob_gt_0p5inch_percent,Probability > 0.5 inch,%,0.0,0.0,0.01546621322631836,0.0,0.21123290061950684,0.02320170402526856,25,False
2026100300,kansas_city,Kansas City,Kansas City,Arrowhead Stadium area,39.049,-94.4839,52,130,39.0,-94.5,23,150,2026-10-09 06:00 UTC,prob_gt_0p5inch_percent,Probability > 0.5 inch,%,0.0,0.0,1.049041748046875e-05,0.0,0.00024437904357910156,3.576278686523446e-06,25,False
2026100300,kansas_city,Kansas City,Kansas City,Arrowhead Stadium area,39.049,-94.4839,52,130,39.0,-94.5,24,156,2026-10-09 12:00 UTC,prob_gt_0p5inch_percent,Probability > 0.5 inch,%,0.001233816146850586,0.0,0.03901171684265137,0.001233816146850586,0.4771232604980469,0.09703874588012704,25,False
2026100300,kansas_city,Kansas City,Kansas City,Arrowhead Stadium area,39.049,-94.4839,52,130,39.0,-94.5,25,162,2026-10-09 18:00 UTC,prob_gt_0p5inch_percent,Probability > 0.5 inch,%,0.09989142417907715,0.0010907649993896484,0.11113238334655762,0.017249584197998047,0.8584797382354736,0.4041671752929691,25,False
2026100300,kansas_city,Kansas City,Kansas City,Arrowhead Stadium area,39.049,-94.4839,52,130,39.0,-94.5,26,168,2026-10-10 00:00 UTC,prob_gt_0p5inch_percent,Probability > 0.5 inch,%,0.00040531158447265625,0.0,0.00014543533325195312,2.9802322387695312e-05,0.000476837158203125,0.0004029273986816406,25,False
2026100300,kansas_city,Kansas City,Kansas City,Arrowhead Stadium area,39.049,-94.4839,52,130,39.0,-94.5,27,174,2026-10-10 06:00 UTC,prob_gt_0p5inch_percent,Probability > 0.5 inch,%,0.0,0.0,0.0,0.0,0.0,0.0,25,False
2026100300,kansas_city,Kansas City,Kansas City,Arrowhead Stadium area,39.049,-94.4839,52,130,39.0,-94.5,28,180,2026-10-10 12:00 UTC,prob_gt_0p5inch_percent,Probability > 0.5 inch,%,0.0,0.0,0.0,0.0,0.0,0.0,25,False
2026100300,kansas_city,Kansas City,Kansas City,Arrowhead Stadium area,39.049,-94.4839,52,130,39.0,-94.5,29,186,2026-10-10 18:00 UTC,prob_gt_0p5inch_percent,Probability > 0.5 inch,%,0.0,0.0,0.0,0.0,0.0,0.0,25,False
2026100300,kansas_city,Kansas City,Kansas City,Arrowhead Stadium area,39.049,-94.4839,52,130,39.0,-94.5,30,192,2026-10-11 00:00 UTC,prob_gt_0p5inch_percent,Probability > 0.5 inch,%,0.002014636993408203,0.0,0.029484033584594727,0.01736283302307129,0.09295940399169922,0.0882112979888916,25,False
2026100300,kansas_city,Kansas City,Kansas City,Arrowhead Stadium area,39.049,-94.4839,52,130,39.0,-94.5,0,12,2026-10-03 12:00 UTC,prob_gt_1inch_percent,Probability > 1 inch,%,0.0,0.0,0.0,0.0,0.0,0.0,25,False
2026100300,kansas_city,Kansas City,Kansas City,Arrowhead Stadium area,39.049,-94.4839,52,130,39.0,-94.5,1,18,2026-10-03 18:00 UTC,prob_gt_1inch_percent,Probability > 1 inch,%,0.0,0.0,0.0,0.0,0.0,0.0,25,False
2026100300,kansas_city,Kansas City,Kansas City,Arrowhead Stadium area,39.049,-94.4839,52,130,39.0,-94.5,2,24,2026-10-04 00:00 UTC,prob_gt_1inch_percent,Probability > 1 inch,%,0.0,0.0,0.0,0.0,0.0,0.0,25,False
2026100300,kansas_city,Kansas City,Kansas City,Arrowhead Stadium area,39.049,-94.4839,52,130,39.0,-94.5,3,30,2026-10-04 06:00 UTC,prob_gt_1inch_percent,Probability > 1 inch,%,0.0,0.0,0.0,0.0,0.0,0.0,25,False
2026100300,kansas_city,Kansas City,Kansas City,Arrowhead Stadium area,39.049,-94.4839,52,130,39.0,-94.5,4,36,2026-10-04 12:00 UTC,prob_gt_1inch_percent,Probability > 1 inch,%,0.0,0.0,0.0,0.0,0.0,0.0,25,False
2026100300,kansas_city,Kansas City,Kansas City,Arrowhead Stadium area,39.049,-94.4839,52,130,39.0,-94.5,5,42,2026-10-04 18:00 UTC,prob_gt_1inch_percent,Probability > 1 inch,%,0.0,0.0,0.0,0.0,0.0,0.0,25,False
2026100300,kansas_city,Kansas City,Kansas City,Arrowhead Stadium area,39.049,-94.4839,52,130,39.0,-94.5,6,48,2026-10-05 00:00 UTC,prob_gt_1inch_percent,Probability > 1 inch,%,0.0,0.0,0.0,0.0,0.0,0.0,25,False
2026100300,kansas_city,Kansas City,Kansas City,Arrowhead Stadium area,39.049,-94.4839,52,130,39.0,-94.5,7,54,2026-10-05 06:00 UTC,prob_gt_1inch_percent,Probability > 1 inch,%,0.0,0.0,0.0,0.0,0.0,0.0,25,False
2026100300,kansas_city,Kansas City,Kansas City,Arrowhead Stadium area,39.049,-94.4839,52,130,39.0,-94.5,8,60,2026-10-05 12:00 UTC,prob_gt_1inch_percent,Probability > 1 inch,%,0.0,0.0,0.0,0.0,0.0,0.0,25,False
2026100300,kansas_city,Kansas City,Kansas City,Arrowhead Stadium area,39.049,-94.4839,52,130,39.0,-94.5,9,66,2026-10-05 18:00 UTC,prob_gt_1inch_percent,Probability > 1 inch,%,0.0,0.0,0.0,0.0,0.0,0.0,25,False
2026100300,kansas_city,Kansas City,Kansas City,Arrowhead Stadium area,39.049,-94.4839,52,130,39.0,-94.5,10,72,2026-10-06 00:00 UTC,prob_gt_1inch_percent,Probability > 1 inch,%,0.0,0.0,0.0,0.0,0.0,0.0,25,False
2026100300,kansas_city,Kansas City,Kansas City,Arrowhead Stadium area,39.049,-94.4839,52,130,39.0,-94.5,11,78,2026-10-06 06:00 UTC,prob_gt_1inch_percent,Probability > 1 inch,%,0.0,0.0,0.0,0.0,0.0,0.0,25,False
2026100300,kansas_city,Kansas City,Kansas City,Arrowhead Stadium area,39.049,-94.4839,52,130,39.0,-94.5,12,84,2026-10-06 12:00 UTC,prob_gt_1inch_percent,Probability > 1 inch,%,0.0,0.0,0.0,0.0,0.0,0.0,25,False
2026100300,kansas_city,Kansas City,Kansas City,Arrowhead Stadium area,39.049,-94.4839,52,130,39.0,-94.5,13,90,2026-10-06 18:00 UTC,prob_gt_1inch_percent,Probability > 1 inch,%,0.0,0.0,0.0,0.0,0.0,0.0,25,False
2026100300,kansas_city,Kansas City,Kansas City,Arrowhead Stadium area,39.049,-94.4839,52,130,39.0,-94.5,14,96,2026-10-07 00:00 UTC,prob_gt_1inch_percent,Probability > 1 inch,%,0.0,0.0,0.0,0.0,0.0,0.0,25,False
2026100300,kansas_city,Kansas City,Kansas City,Arrowhead Stadium area,39.049,-94.4839,52,130,39.0,-94.5,15,102,2026-10-07 06:00 UTC,prob_gt_1inch_percent,Probability > 1 inch,%,0.0,0.0,0.0,0.0,0.0,0.0,25,False
2026100300,kansas_city,Kansas City,Kansas City,Arrowhead Stadium area,39.049,-94.4839,52,130,39.0,-94.5,16,108,2026-10-07 12:00 UTC,prob_gt_1inch_percent,Probability > 1 inch,%,0.0,0.0,0.0,0.0,0.0,0.0,25,False
2026100300,kansas_city,Kansas City,Kansas City,Arrowhead Stadium area,39.049,-94.4839,52,130,39.0,-94.5,17,114,2026-10-07 18:00 UTC,prob_gt_1inch_percent,Probability > 1 inch,%,0.0,0.0,0.0,0.0,0.0,0.0,25,False
2026100300,kansas_city,Kansas City,Kansas City,Arrowhead Stadium area,39.049,-94.4839,52,130,39.0,-94.5,18,120,2026-10-08 00:00 UTC,prob_gt_1inch_percent,Probability > 1 inch,%,0.0,0.0,0.0,0.0,0.0,0.0,25,False
2026100300,kansas_city,Kansas City,Kansas City,Arrowhead Stadium area,39.049,-94.4839,52,130,39.0,-94.5,19,126,2026-10-08 06:00 UTC,prob_gt_1inch_percent,Probability > 1 inch,%,0.0,0.0,0.0,0.0,0.0,0.0,25,False
2026100300,kansas_city,Kansas City,Kansas City,Arrowhead Stadium area,39.049,-94.4839,52,130,39.0,-94.5,20,132,2026-10-08 12:00 UTC,prob_gt_1inch_percent,Probability > 1 inch,%,0.0,0.0,0.0,0.0,0.0,0.0,25,False
2026100300,kansas_city,Kansas City,Kansas City,Arrowhead Stadium area,39.049,-94.4839,52,130,39.0,-94.5,21,138,2026-10-08 18:00 UTC,prob_gt_1inch_percent,Probability > 1 inch,%,0.0,0.0,0.0011870861053466797,0.0,0.02167820930480957,0.0005078315734863283,25,False
2026100300,kansas_city,Kansas City,Kansas City,Arrowhead Stadium area,39.049,-94.4839,52,130,39.0,-94.5,22,144,2026-10-09 00:00 UTC,prob_gt_1inch_percent,Probability > 1 inch,%,0.0,0.0,0.0007474422454833984,0.0,0.01417398452758789,0.00026464462280273454,25,False
2026100300,kansas_city,Kansas City,Kansas City,Arrowhead Stadium area,39.049,-94.4839,52,130,39.0,-94.5,23,150,2026-10-09 06:00 UTC,prob_gt_1inch_percent,Probability > 1 inch,%,0.0,0.0,0.0,0.0,0.0,0.0,25,False
2026100300,kansas_city,Kansas City,Kansas City,Arrowhead Stadium area,39.049,-94.4839,52,130,39.0,-94.5,24,156,2026-10-09 12:00 UTC,prob_gt_1inch_percent,Probability > 1 inch,%,0.0,0.0,0.0033507347106933594,0.0,0.05904436111450195,0.0037372112274169974,25,False
2026100300,kansas_city,Kansas City,Kansas City,Arrowhead Stadium area,39.049,-94.4839,52,130,39.0,-94.5,25,162,2026-10-09 18:00 UTC,prob_gt_1inch_percent,Probability > 1 inch,%,0.003719329833984375,0.0,0.013243675231933594,0.00014901161193847656,0.1611173152923584,0.046119689941406306,25,False
2026100300,kansas_city,Kansas City,Kansas City,Arrowhead Stadium area,39.049,-94.4839,52,130,39.0,-94.5,26,168,2026-10-10 00:00 UTC,prob_gt_1inch_percent,Probability > 1 inch,%,0.0,0.0,0.0,0.0,0.0,0.0,25,False
2026100300,kansas_city,Kansas City,Kansas City,Arrowhead Stadium area,39.049,-94.4839,52,130,39.0,-94.5,27,174,2026-10-10 06:00 UTC,prob_gt_1inch_percent,Probability > 1 inch,%,0.0,0.0,0.0,0.0,0.0,0.0,25,False
2026100300,kansas_city,Kansas City,Kansas City,Arrowhead Stadium area,39.049,-94.4839,52,130,39.0,-94.5,28,180,2026-10-10 12:00 UTC,prob_gt_1inch_percent,Probability > 1 inch,%,0.0,0.0,0.0,0.0,0.0,0.0,25,False
2026100300,kansas_city,Kansas City,Kansas City,Arrowhead Stadium area,39.049,-94.4839,52,130,39.0,-94.5,29,186,2026-10-10 18:00 UTC,prob_gt_1inch_percent,Probability > 1 inch,%,0.0,0.0,0.0,0.0,0.0,0.0,25,False
2026100300,kansas_city,Kansas City,Kansas City,Arrowhead Stadium area,39.049,-94.4839,52,130,39.0,-94.5,30,192,2026-10-11 00:00 UTC,prob_gt_1inch_percent,Probability > 1 inch,%,0.0,0.0,0.0008249282836914062,0.00015497207641601562,0.0032663345336914062,0.002969503402709961,25,False
2026100300,kansas_city,Kansas City,Kansas City,Arrowhead Stadium area,39.049,-94.4839,52,130,39.0,-94.5,0,12,2026-10-03 12:00 UTC,prob_gt_2inch_percent,Probability > 2 inch,%,0.0,0.0,0.0,0.0,0.0,0.0,25,False
2026100300,kansas_city,Kansas City,Kansas City,Arrowhead Stadium area,39.049,-94.4839,52,130,39.0,-94.5,1,18,2026-10-03 18:00 UTC,prob_gt_2inch_percent,Probability > 2 inch,%,0.0,0.0,0.0,0.0,0.0,0.0,25,False
2026100300,kansas_city,Kansas City,Kansas City,Arrowhead Stadium area,39.049,-94.4839,52,130,39.0,-94.5,2,24,2026-10-04 00:00 UTC,prob_gt_2inch_percent,Probability > 2 inch,%,0.0,0.0,0.0,0.0,0.0,0.0,25,False
2026100300,kansas_city,Kansas City,Kansas City,Arrowhead Stadium area,39.049,-94.4839,52,130,39.0,-94.5,3,30,2026-10-04 06:00 UTC,prob_gt_2inch_percent,Probability > 2 inch,%,0.0,0.0,0.0,0.0,0.0,0.0,25,False
2026100300,kansas_city,Kansas City,Kansas City,Arrowhead Stadium area,39.049,-94.4839,52,130,39.0,-94.5,4,36,2026-10-04 12:00 UTC,prob_gt_2inch_percent,Probability > 2 inch,%,0.0,0.0,0.0,0.0,0.0,0.0,25,False
2026100300,kansas_city,Kansas City,Kansas City,Arrowhead Stadium area,39.049,-94.4839,52,130,39.0,-94.5,5,42,2026-10-04 18:00 UTC,prob_gt_2inch_percent,Probability > 2 inch,%,0.0,0.0,0.0,0.0,0.0,0.0,25,False
2026100300,kansas_city,Kansas City,Kansas City,Arrowhead Stadium area,39.049,-94.4839,52,130,39.0,-94.5,6,48,2026-10-05 00:00 UTC,prob_gt_2inch_percent,Probability > 2 inch,%,0.0,0.0,0.0,0.0,0.0,0.0,25,False
2026100300,kansas_city,Kansas City,Kansas City,Arrowhead Stadium area,39.049,-94.4839,52,130,39.0,-94.5,7,54,2026-10-05 06:00 UTC,prob_gt_2inch_percent,Probability > 2 inch,%,0.0,0.0,0.0,0.0,0.0,0.0,25,False
2026100300,kansas_city,Kansas City,Kansas City,Arrowhead Stadium area,39.049,-94.4839,52,130,39.0,-94.5,8,60,2026-10-05 12:00 UTC,prob_gt_2inch_percent,Probability > 2 inch,%,0.0,0.0,0.0,0.0,0.0,0.0,25,False
2026100300,kansas_city,Kansas City,Kansas City,Arrowhead Stadium area,39.049,-94.4839,52,130,39.0,-94.5,9,66,2026-10-05 18:00 UTC,prob_gt_2inch_percent,Probability > 2 inch,%,0.0,0.0,0.0,0.0,0.0,0.0,25,False
2026100300,kansas_city,Kansas City,Kansas City,Arrowhead Stadium area,39.049,-94.4839,52,130,39.0,-94.5,10,72,2026-10-06 00:00 UTC,prob_gt_2inch_percent,Probability > 2 inch,%,0.0,0.0,0.0,0.0,0.0,0.0,25,False
2026100300,kansas_city,Kansas City,Kansas City,Arrowhead Stadium area,39.049,-94.4839,52,130,39.0,-94.5,11,78,2026-10-06 06:00 UTC,prob_gt_2inch_percent,Probability > 2 inch,%,0.0,0.0,0.0,0.0,0.0,0.0,25,False
2026100300,kansas_city,Kansas City,Kansas City,Arrowhead Stadium area,39.049,-94.4839,52,130,39.0,-94.5,12,84,2026-10-06 12:00 UTC,prob_gt_2inch_percent,Probability > 2 inch,%,0.0,0.0,0.0,0.0,0.0,0.0,25,False
2026100300,kansas_city,Kansas City,Kansas City,Arrowhead Stadium area,39.049,-94.4839,52,130,39.0,-94.5,13,90,2026-10-06 18:00 UTC,prob_gt_2inch_percent,Probability > 2 inch,%,0.0,0.0,0.0,0.0,0.0,0.0,25,False
2026100300,kansas_city,Kansas City,Kansas City,Arrowhead Stadium area,39.049,-94.4839,52,130,39.0,-94.5,14,96,2026-10-07 00:00 UTC,prob_gt_2inch_percent,Probability > 2 inch,%,0.0,0.0,0.0,0.0,0.0,0.0,25,False
2026100300,kansas_city,Kansas City,Kansas City,Arrowhead Stadium area,39.049,-94.4839,52,130,39.0,-94.5,15,102,2026-10-07 06:00 UTC,prob_gt_2inch_percent,Probability > 2 inch,%,0.0,0.0,0.0,0.0,0.0,0.0,25,False
2026100300,kansas_city,Kansas City,Kansas City,Arrowhead Stadium area,39.049,-94.4839,52,130,39.0,-94.5,16,108,2026-10-07 12:00 UTC,prob_gt_2inch_percent,Probability > 2 inch,%,0.0,0.0,0.0,0.0,0.0,0.0,25,False
2026100300,kansas_city,Kansas City,Kansas City,Arrowhead Stadium area,39.049,-94.4839,52,130,39.0,-94.5,17,114,2026-10-07 18:00 UTC,prob_gt_2inch_percent,Probability > 2 inch,%,0.0,0.0,0.0,0.0,0.0,0.0,25,False
2026100300,kansas_city,Kansas City,Kansas City,Arrowhead Stadium area,39.049,-94.4839,52,130,39.0,-94.5,18,120,2026-10-08 00:00 UTC,prob_gt_2inch_percent,Probability > 2 inch,%,0.0,0.0,0.0,0.0,0.0,0.0,25,False
2026100300,kansas_city,Kansas City,Kansas City,Arrowhead Stadium area,39.049,-94.4839,52,130,39.0,-94.5,19,126,2026-10-08 06:00 UTC,prob_gt_2inch_percent,Probability > 2 inch,%,0.0,0.0,0.0,0.0,0.0,0.0,25,False
2026100300,kansas_city,Kansas City,Kansas City,Arrowhead Stadium area,39.049,-94.4839,52,130,39.0,-94.5,20,132,2026-10-08 12:00 UTC,prob_gt_2inch_percent,Probability > 2 inch,%,0.0,0.0,0.0,0.0,0.0,0.0,25,False
2026100300,kansas_city,Kansas City,Kansas City,Arrowhead Stadium area,39.049,-94.4839,52,130,39.0,-94.5,21,138,2026-10-08 18:00 UTC,prob_gt_2inch_percent,Probability > 2 inch,%,0.0,0.0,1.0013580322265625e-05,0.0,0.00022649765014648438,0.0,25,False
2026100300,kansas_city,Kansas City,Kansas City,Arrowhead Stadium area,39.049,-94.4839,52,130,39.0,-94.5,22,144,2026-10-09 00:00 UTC,prob_gt_2inch_percent,Probability > 2 inch,%,0.0,0.0,4.76837158203125e-06,0.0,0.00010728836059570312,0.0,25,False
2026100300,kansas_city,Kansas City,Kansas City,Arrowhead Stadium area,39.049,-94.4839,52,130,39.0,-94.5,23,150,2026-10-09 06:00 UTC,prob_gt_2inch_percent,Probability > 2 inch,%,0.0,0.0,0.0,0.0,0.0,0.0,25,False
2026100300,kansas_city,Kansas City,Kansas City,Arrowhead Stadium area,39.049,-94.4839,52,130,39.0,-94.5,24,156,2026-10-09 12:00 UTC,prob_gt_2inch_percent,Probability > 2 inch,%,0.0,0.0,6.413459777832031e-05,0.0,0.001436471939086914,1.0728836059570338e-05,25,False
2026100300,kansas_city,Kansas City,Kansas City,Arrowhead Stadium area,39.049,-94.4839,52,130,39.0,-94.5,25,162,2026-10-09 18:00 UTC,prob_gt_2inch_percent,Probability > 2 inch,%,5.9604644775390625e-06,0.0,0.0004904270172119141,0.0,0.008755922317504883,0.0010335445404052752,25,False
2026100300,kansas_city,Kansas City,Kansas City,Arrowhead Stadium area,39.049,-94.4839,52,130,39.0,-94.5,26,168,2026-10-10 00:00 UTC,prob_gt_2inch_percent,Probability > 2 inch,%,0.0,0.0,0.0,0.0,0.0,0.0,25,False
2026100300,kansas_city,Kansas City,Kansas City,Arrowhead Stadium area,39.049,-94.4839,52,130,39.0,-94.5,27,174,2026-10-10 06:00 UTC,prob_gt_2inch_percent,Probability > 2 inch,%,0.0,0.0,0.0,0.0,0.0,0.0,25,False
2026100300,kansas_city,Kansas City,Kansas City,Arrowhead Stadium area,39.049,-94.4839,52,130,39.0,-94.5,28,180,2026-10-10 12:00 UTC,prob_gt_2inch_percent,Probability > 2 inch,%,0.0,0.0,0.0,0.0,0.0,0.0,25,False
2026100300,kansas_city,Kansas City,Kansas City,Arrowhead Stadium area,39.049,-94.4839,52,130,39.0,-94.5,29,186,2026-10-10 18:00 UTC,prob_gt_2inch_percent,Probability > 2 inch,%,0.0,0.0,0.0,0.0,0.0,0.0,25,False
2026100300,kansas_city,Kansas City,Kansas City,Arrowhead Stadium area,39.049,-94.4839,52,130,39.0,-94.5,30,192,2026-10-11 00:00 UTC,prob_gt_2inch_percent,Probability > 2 inch,%,0.0,0.0,1.1920928955078125e-06,0.0,5.9604644775390625e-06,5.9604644775390625e-06,25,False
2026100300,kansas_city,Kansas City,Kansas City,Arrowhead Stadium area,39.049,-94.4839,52,130,39.0,-94.5,0,12,2026-10-03 12:00 UTC,prob_gt_2yr12h_ari_percent,Probability > 2-year 12-h ARI,%,0.0,0.0,0.0,0.0,0.0,0.0,25,False
2026100300,kansas_city,Kansas City,Kansas City,Arrowhead Stadium area,39.049,-94.4839,52,130,39.0,-94.5,1,18,2026-10-03 18:00 UTC,prob_gt_2yr12h_ari_percent,Probability > 2-year 12-h ARI,%,0.0,0.0,0.0,0.0,0.0,0.0,25,False
2026100300,kansas_city,Kansas City,Kansas City,Arrowhead Stadium area,39.049,-94.4839,52,130,39.0,-94.5,2,24,2026-10-04 00:00 UTC,prob_gt_2yr12h_ari_percent,Probability > 2-year 12-h ARI,%,0.0,0.0,0.0,0.0,0.0,0.0,25,False
2026100300,kansas_city,Kansas City,Kansas City,Arrowhead Stadium area,39.049,-94.4839,52,130,39.0,-94.5,3,30,2026-10-04 06:00 UTC,prob_gt_2yr12h_ari_percent,Probability > 2-year 12-h ARI,%,0.0,0.0,0.0,0.0,0.0,0.0,25,False
2026100300,kansas_city,Kansas City,Kansas City,Arrowhead Stadium area,39.049,-94.4839,52,130,39.0,-94.5,4,36,2026-10-04 12:00 UTC,prob_gt_2yr12h_ari_percent,Probability > 2-year 12-h ARI,%,0.0,0.0,0.0,0.0,0.0,0.0,25,False
2026100300,kansas_city,Kansas City,Kansas City,Arrowhead Stadium area,39.049,-94.4839,52,130,39.0,-94.5,5,42,2026-10-04 18:00 UTC,prob_gt_2yr12h_ari_percent,Probability > 2-year 12-h ARI,%,0.0,0.0,0.0,0.0,0.0,0.0,25,False
2026100300,kansas_city,Kansas City,Kansas City,Arrowhead Stadium area,39.049,-94.4839,52,130,39.0,-94.5,6,48,2026-10-05 00:00 UTC,prob_gt_2yr12h_ari_percent,Probability > 2-year 12-h ARI,%,0.0,0.0,0.0,0.0,0.0,0.0,25,False
2026100300,kansas_city,Kansas City,Kansas City,Arrowhead Stadium area,39.049,-94.4839,52,130,39.0,-94.5,7,54,2026-10-05 06:00 UTC,prob_gt_2yr12h_ari_percent,Probability > 2-year 12-h ARI,%,0.0,0.0,0.0,0.0,0.0,0.0,25,False
2026100300,kansas_city,Kansas City,Kansas City,Arrowhead Stadium area,39.049,-94.4839,52,130,39.0,-94.5,8,60,2026-10-05 12:00 UTC,prob_gt_2yr12h_ari_percent,Probability > 2-year 12-h ARI,%,0.0,0.0,0.0,0.0,0.0,0.0,25,False
2026100300,kansas_city,Kansas City,Kansas City,Arrowhead Stadium area,39.049,-94.4839,52,130,39.0,-94.5,9,66,2026-10-05 18:00 UTC,prob_gt_2yr12h_ari_percent,Probability > 2-year 12-h ARI,%,0.0,0.0,0.0,0.0,0.0,0.0,25,False
2026100300,kansas_city,Kansas City,Kansas City,Arrowhead Stadium area,39.049,-94.4839,52,130,39.0,-94.5,10,72,2026-10-06 00:00 UTC,prob_gt_2yr12h_ari_percent,Probability > 2-year 12-h ARI,%,0.0,0.0,0.0,0.0,0.0,0.0,25,False
2026100300,kansas_city,Kansas City,Kansas City,Arrowhead Stadium area,39.049,-94.4839,52,130,39.0,-94.5,11,78,2026-10-06 06:00 UTC,prob_gt_2yr12h_ari_percent,Probability > 2-year 12-h ARI,%,0.0,0.0,0.0,0.0,0.0,0.0,25,False
2026100300,kansas_city,Kansas City,Kansas City,Arrowhead Stadium area,39.049,-94.4839,52,130,39.0,-94.5,12,84,2026-10-06 12:00 UTC,prob_gt_2yr12h_ari_percent,Probability > 2-year 12-h ARI,%,0.0,0.0,0.0,0.0,0.0,0.0,25,False
2026100300,kansas_city,Kansas City,Kansas City,Arrowhead Stadium area,39.049,-94.4839,52,130,39.0,-94.5,13,90,2026-10-06 18:00 UTC,prob_gt_2yr12h_ari_percent,Probability > 2-year 12-h ARI,%,0.0,0.0,0.0,0.0,0.0,0.0,25,False
2026100300,kansas_city,Kansas City,Kansas City,Arrowhead Stadium area,39.049,-94.4839,52,130,39.0,-94.5,14,96,2026-10-07 00:00 UTC,prob_gt_2yr12h_ari_percent,Probability > 2-year 12-h ARI,%,0.0,0.0,0.0,0.0,0.0,0.0,25,False
2026100300,kansas_city,Kansas City,Kansas City,Arrowhead Stadium area,39.049,-94.4839,52,130,39.0,-94.5,15,102,2026-10-07 06:00 UTC,prob_gt_2yr12h_ari_percent,Probability > 2-year 12-h ARI,%,0.0,0.0,0.0,0.0,0.0,0.0,25,False
2026100300,kansas_city,Kansas City,Kansas City,Arrowhead Stadium area,39.049,-94.4839,52,130,39.0,-94.5,16,108,2026-10-07 12:00 UTC,prob_gt_2yr12h_ari_percent,Probability > 2-year 12-h ARI,%,0.0,0.0,0.0,0.0,0.0,0.0,25,False
2026100300,kansas_city,Kansas City,Kansas City,Arrowhead Stadium area,39.049,-94.4839,52,130,39.0,-94.5,17,114,2026-10-07 18:00 UTC,prob_gt_2yr12h_ari_percent,Probability > 2-year 12-h ARI,%,0.0,0.0,0.0,0.0,0.0,0.0,25,False
2026100300,kansas_city,Kansas City,Kansas City,Arrowhead Stadium area,39.049,-94.4839,52,130,39.0,-94.5,18,120,2026-10-08 00:00 UTC,prob_gt_2yr12h_ari_percent,Probability > 2-year 12-h ARI,%,0.0,0.0,0.0,0.0,0.0,0.0,25,False
2026100300,kansas_city,Kansas City,Kansas City,Arrowhead Stadium area,39.049,-94.4839,52,130,39.0,-94.5,19,126,2026-10-08 06:00 UTC,prob_gt_2yr12h_ari_percent,Probability > 2-year 12-h ARI,%,0.0,0.0,0.0,0.0,0.0,0.0,25,False
2026100300,kansas_city,Kansas City,Kansas City,Arrowhead Stadium area,39.049,-94.4839,52,130,39.0,-94.5,20,132,2026-10-08 12:00 UTC,prob_gt_2yr12h_ari_percent,Probability > 2-year 12-h ARI,%,0.0,0.0,0.0,0.0,0.0,0.0,25,False
2026100300,kansas_city,Kansas City,Kansas City,Arrowhead Stadium area,39.049,-94.4839,52,130,39.0,-94.5,21,138,2026-10-08 18:00 UTC,prob_gt_2yr12h_ari_percent,Probability > 2-year 12-h ARI,%,0.0,0.0,0.0,0.0,0.0,0.0,25,False
2026100300,kansas_city,Kansas City,Kansas City,Arrowhead Stadium area,39.049,-94.4839,52,130,39.0,-94.5,22,144,2026-10-09 00:00 UTC,prob_gt_2yr12h_ari_percent,Probability > 2-year 12-h ARI,%,0.0,0.0,0.0,0.0,0.0,0.0,25,False
2026100300,kansas_city,Kansas City,Kansas City,Arrowhead Stadium area,39.049,-94.4839,52,130,39.0,-94.5,23,150,2026-10-09 06:00 UTC,prob_gt_2yr12h_ari_percent,Probability > 2-year 12-h ARI,%,0.0,0.0,0.0,0.0,0.0,0.0,25,False
2026100300,kansas_city,Kansas City,Kansas City,Arrowhead Stadium area,39.049,-94.4839,52,130,39.0,-94.5,24,156,2026-10-09 12:00 UTC,prob_gt_2yr12h_ari_percent,Probability > 2-year 12-h ARI,%,0.0,0.0,1.430511474609375e-06,0.0,3.5762786865234375e-05,0.0,25,False
2026100300,kansas_city,Kansas City,Kansas City,Arrowhead Stadium area,39.049,-94.4839,52,130,39.0,-94.5,25,162,2026-10-09 18:00 UTC,prob_gt_2yr12h_ari_percent,Probability > 2-year 12-h ARI,%,0.0,0.0,2.4557113647460938e-05,0.0,0.0005304813385009766,2.5033950805664123e-05,25,False
2026100300,kansas_city,Kansas City,Kansas City,Arrowhead Stadium area,39.049,-94.4839,52,130,39.0,-94.5,26,168,2026-10-10 00:00 UTC,prob_gt_2yr12h_ari_percent,Probability > 2-year 12-h ARI,%,0.0,0.0,0.0,0.0,0.0,0.0,25,False
2026100300,kansas_city,Kansas City,Kansas City,Arrowhead Stadium area,39.049,-94.4839,52,130,39.0,-94.5,27,174,2026-10-10 06:00 UTC,prob_gt_2yr12h_ari_percent,Probability > 2-year 12-h ARI,%,0.0,0.0,0.0,0.0,0.0,0.0,25,False
2026100300,kansas_city,Kansas City,Kansas City,Arrowhead Stadium area,39.049,-94.4839,52,130,39.0,-94.5,28,180,2026-10-10 12:00 UTC,prob_gt_2yr12h_ari_percent,Probability > 2-year 12-h ARI,%,0.0,0.0,0.0,0.0,0.0,0.0,25,False
2026100300,kansas_city,Kansas City,Kansas City,Arrowhead Stadium area,39.049,-94.4839,52,130,39.0,-94.5,29,186,2026-10-10 18:00 UTC,prob_gt_2yr12h_ari_percent,Probability > 2-year 12-h ARI,%,0.0,0.0,0.0,0.0,0.0,0.0,25,False
2026100300,kansas_city,Kansas City,Kansas City,Arrowhead Stadium area,39.049,-94.4839,52,130,39.0,-94.5,30,192,2026-10-11 00:00 UTC,prob_gt_2yr12h_ari_percent,Probability > 2-year 12-h ARI,%,0.0,0.0,0.0,0.0,0.0,0.0,25,False
2026100300,kansas_city,Kansas City,Kansas City,Arrowhead Stadium area,39.049,-94.4839,52,130,39.0,-94.5,0,12,2026-10-03 12:00 UTC,prob_gt_5yr12h_ari_percent,Probability > 5-year 12-h ARI,%,0.0,0.0,0.0,0.0,0.0,0.0,25,False
2026100300,kansas_city,Kansas City,Kansas City,Arrowhead Stadium area,39.049,-94.4839,52,130,39.0,-94.5,1,18,2026-10-03 18:00 UTC,prob_gt_5yr12h_ari_percent,Probability > 5-year 12-h ARI,%,0.0,0.0,0.0,0.0,0.0,0.0,25,False
2026100300,kansas_city,Kansas City,Kansas City,Arrowhead Stadium area,39.049,-94.4839,52,130,39.0,-94.5,2,24,2026-10-04 00:00 UTC,prob_gt_5yr12h_ari_percent,Probability > 5-year 12-h ARI,%,0.0,0.0,0.0,0.0,0.0,0.0,25,False
2026100300,kansas_city,Kansas City,Kansas City,Arrowhead Stadium area,39.049,-94.4839,52,130,39.0,-94.5,3,30,2026-10-04 06:00 UTC,prob_gt_5yr12h_ari_percent,Probability > 5-year 12-h ARI,%,0.0,0.0,0.0,0.0,0.0,0.0,25,False
2026100300,kansas_city,Kansas City,Kansas City,Arrowhead Stadium area,39.049,-94.4839,52,130,39.0,-94.5,4,36,2026-10-04 12:00 UTC,prob_gt_5yr12h_ari_percent,Probability > 5-year 12-h ARI,%,0.0,0.0,0.0,0.0,0.0,0.0,25,False
2026100300,kansas_city,Kansas City,Kansas City,Arrowhead Stadium area,39.049,-94.4839,52,130,39.0,-94.5,5,42,2026-10-04 18:00 UTC,prob_gt_5yr12h_ari_percent,Probability > 5-year 12-h ARI,%,0.0,0.0,0.0,0.0,0.0,0.0,25,False
2026100300,kansas_city,Kansas City,Kansas City,Arrowhead Stadium area,39.049,-94.4839,52,130,39.0,-94.5,6,48,2026-10-05 00:00 UTC,prob_gt_5yr12h_ari_percent,Probability > 5-year 12-h ARI,%,0.0,0.0,0.0,0.0,0.0,0.0,25,False
2026100300,kansas_city,Kansas City,Kansas City,Arrowhead Stadium area,39.049,-94.4839,52,130,39.0,-94.5,7,54,2026-10-05 06:00 UTC,prob_gt_5yr12h_ari_percent,Probability > 5-year 12-h ARI,%,0.0,0.0,0.0,0.0,0.0,0.0,25,False
2026100300,kansas_city,Kansas City,Kansas City,Arrowhead Stadium area,39.049,-94.4839,52,130,39.0,-94.5,8,60,2026-10-05 12:00 UTC,prob_gt_5yr12h_ari_percent,Probability > 5-year 12-h ARI,%,0.0,0.0,0.0,0.0,0.0,0.0,25,False
2026100300,kansas_city,Kansas City,Kansas City,Arrowhead Stadium area,39.049,-94.4839,52,130,39.0,-94.5,9,66,2026-10-05 18:00 UTC,prob_gt_5yr12h_ari_percent,Probability > 5-year 12-h ARI,%,0.0,0.0,0.0,0.0,0.0,0.0,25,False
2026100300,kansas_city,Kansas City,Kansas City,Arrowhead Stadium area,39.049,-94.4839,52,130,39.0,-94.5,10,72,2026-10-06 00:00 UTC,prob_gt_5yr12h_ari_percent,Probability > 5-year 12-h ARI,%,0.0,0.0,0.0,0.0,0.0,0.0,25,False
2026100300,kansas_city,Kansas City,Kansas City,Arrowhead Stadium area,39.049,-94.4839,52,130,39.0,-94.5,11,78,2026-10-06 06:00 UTC,prob_gt_5yr12h_ari_percent,Probability > 5-year 12-h ARI,%,0.0,0.0,0.0,0.0,0.0,0.0,25,False
2026100300,kansas_city,Kansas City,Kansas City,Arrowhead Stadium area,39.049,-94.4839,52,130,39.0,-94.5,12,84,2026-10-06 12:00 UTC,prob_gt_5yr12h_ari_percent,Probability > 5-year 12-h ARI,%,0.0,0.0,0.0,0.0,0.0,0.0,25,False
2026100300,kansas_city,Kansas City,Kansas City,Arrowhead Stadium area,39.049,-94.4839,52,130,39.0,-94.5,13,90,2026-10-06 18:00 UTC,prob_gt_5yr12h_ari_percent,Probability > 5-year 12-h ARI,%,0.0,0.0,0.0,0.0,0.0,0.0,25,False
2026100300,kansas_city,Kansas City,Kansas City,Arrowhead Stadium area,39.049,-94.4839,52,130,39.0,-94.5,14,96,2026-10-07 00:00 UTC,prob_gt_5yr12h_ari_percent,Probability > 5-year 12-h ARI,%,0.0,0.0,0.0,0.0,0.0,0.0,25,False
2026100300,kansas_city,Kansas City,Kansas City,Arrowhead Stadium area,39.049,-94.4839,52,130,39.0,-94.5,15,102,2026-10-07 06:00 UTC,prob_gt_5yr12h_ari_percent,Probability > 5-year 12-h ARI,%,0.0,0.0,0.0,0.0,0.0,0.0,25,False
2026100300,kansas_city,Kansas City,Kansas City,Arrowhead Stadium area,39.049,-94.4839,52,130,39.0,-94.5,16,108,2026-10-07 12:00 UTC,prob_gt_5yr12h_ari_percent,Probability > 5-year 12-h ARI,%,0.0,0.0,0.0,0.0,0.0,0.0,25,False
2026100300,kansas_city,Kansas City,Kansas City,Arrowhead Stadium area,39.049,-94.4839,52,130,39.0,-94.5,17,114,2026-10-07 18:00 UTC,prob_gt_5yr12h_ari_percent,Probability > 5-year 12-h ARI,%,0.0,0.0,0.0,0.0,0.0,0.0,25,False
2026100300,kansas_city,Kansas City,Kansas City,Arrowhead Stadium area,39.049,-94.4839,52,130,39.0,-94.5,18,120,2026-10-08 00:00 UTC,prob_gt_5yr12h_ari_percent,Probability > 5-year 12-h ARI,%,0.0,0.0,0.0,0.0,0.0,0.0,25,False
2026100300,kansas_city,Kansas City,Kansas City,Arrowhead Stadium area,39.049,-94.4839,52,130,39.0,-94.5,19,126,2026-10-08 06:00 UTC,prob_gt_5yr12h_ari_percent,Probability > 5-year 12-h ARI,%,0.0,0.0,0.0,0.0,0.0,0.0,25,False
2026100300,kansas_city,Kansas City,Kansas City,Arrowhead Stadium area,39.049,-94.4839,52,130,39.0,-94.5,20,132,2026-10-08 12:00 UTC,prob_gt_5yr12h_ari_percent,Probability > 5-year 12-h ARI,%,0.0,0.0,0.0,0.0,0.0,0.0,25,False
2026100300,kansas_city,Kansas City,Kansas City,Arrowhead Stadium area,39.049,-94.4839,52,130,39.0,-94.5,21,138,2026-10-08 18:00 UTC,prob_gt_5yr12h_ari_percent,Probability > 5-year 12-h ARI,%,0.0,0.0,0.0,0.0,0.0,0.0,25,False
2026100300,kansas_city,Kansas City,Kansas City,Arrowhead Stadium area,39.049,-94.4839,52,130,39.0,-94.5,22,144,2026-10-09 00:00 UTC,prob_gt_5yr12h_ari_percent,Probability > 5-year 12-h ARI,%,0.0,0.0,0.0,0.0,0.0,0.0,25,False
2026100300,kansas_city,Kansas City,Kansas City,Arrowhead Stadium area,39.049,-94.4839,52,130,39.0,-94.5,23,150,2026-10-09 06:00 UTC,prob_gt_5yr12h_ari_percent,Probability > 5-year 12-h ARI,%,0.0,0.0,0.0,0.0,0.0,0.0,25,False
2026100300,kansas_city,Kansas City,Kansas City,Arrowhead Stadium area,39.049,-94.4839,52,130,39.0,-94.5,24,156,2026-10-09 12:00 UTC,prob_gt_5yr12h_ari_percent,Probability > 5-year 12-h ARI,%,0.0,0.0,0.0,0.0,0.0,0.0,25,False
2026100300,kansas_city,Kansas City,Kansas City,Arrowhead Stadium area,39.049,-94.4839,52,130,39.0,-94.5,25,162,2026-10-09 18:00 UTC,prob_gt_5yr12h_ari_percent,Probability > 5-year 12-h ARI,%,0.0,0.0,2.384185791015625e-06,0.0,5.9604644775390625e-05,0.0,25,False
2026100300,kansas_city,Kansas City,Kansas City,Arrowhead Stadium area,39.049,-94.4839,52,130,39.0,-94.5,26,168,2026-10-10 00:00 UTC,prob_gt_5yr12h_ari_percent,Probability > 5-year 12-h ARI,%,0.0,0.0,0.0,0.0,0.0,0.0,25,False
2026100300,kansas_city,Kansas City,Kansas City,Arrowhead Stadium area,39.049,-94.4839,52,130,39.0,-94.5,27,174,2026-10-10 06:00 UTC,prob_gt_5yr12h_ari_percent,Probability > 5-year 12-h ARI,%,0.0,0.0,0.0,0.0,0.0,0.0,25,False
2026100300,kansas_city,Kansas City,Kansas City,Arrowhead Stadium area,39.049,-94.4839,52,130,39.0,-94.5,28,180,2026-10-10 12:00 UTC,prob_gt_5yr12h_ari_percent,Probability > 5-year 12-h ARI,%,0.0,0.0,0.0,0.0,0.0,0.0,25,False
2026100300,kansas_city,Kansas City,Kansas City,Arrowhead Stadium area,39.049,-94.4839,52,130,39.0,-94.5,29,186,2026-10-10 18:00 UTC,prob_gt_5yr12h_ari_percent,Probability > 5-year 12-h ARI,%,0.0,0.0,0.0,0.0,0.0,0.0,25,False
2026100300,kansas_city,Kansas City,Kansas City,Arrowhead Stadium area,39.049,-94.4839,52,130,39.0,-94.5,30,192,2026-10-11 00:00 UTC,prob_gt_5yr12h_ari_percent,Probability > 5-year 12-h ARI,%,0.0,0.0,0.0,0.0,0.0,0.0,25,False
