lead_day,domain,threshold,model,categorical_forecast_source,categorical_event_rule,probabilistic_score_source,bss_reference,n_init,n_samples,n_events,base_rate,H,M,F,CN,POD,FAR,CSI,brier_score,bs_climatology,brier_skill_score,sum_squared_error,sum_clim_squared_error
Day1,CONUS,0p5inch,ANN-CSGD,distributional_mean,mean_precipitation_ge_threshold,exceedance_probability,historical_mrms_event_frequency_climatology_2020_2025_monthly_24h_12z12z,114,1518252,94268,0.06208982435063481,39062,55206,40982,1383002,0.41437179106377564,0.5119934036280046,0.2888133086876155,0.043362453857979474,0.05712604119701927,0.24093368016823047,65835.13229478506,86731.7262994569
Day1,CONUS,0p5inch,raw_GEFS,ensemble_mean,mean_precipitation_ge_threshold,exceedance_probability,historical_mrms_event_frequency_climatology_2020_2025_monthly_24h_12z12z,114,1518252,94268,0.06208982435063481,32528,61740,29518,1394466,0.34505876861713414,0.47574380298488217,0.2627760813016011,0.04547934615754169,0.05712604119701927,0.20387715996825073,69049.10826237999,86731.7262994569
Day2,CONUS,0p5inch,ANN-CSGD,distributional_mean,mean_precipitation_ge_threshold,exceedance_probability,historical_mrms_event_frequency_climatology_2020_2025_monthly_24h_12z12z,113,1504934,94110,0.0625343038299354,31708,62402,36468,1374356,0.33692487514610564,0.5349096456230932,0.24282804147712478,0.045866187725695264,0.057488771775537933,0.20217137522475648,69025.58535878148,86516.8072632474
Day2,CONUS,0p5inch,raw_GEFS,ensemble_mean,mean_precipitation_ge_threshold,exceedance_probability,historical_mrms_event_frequency_climatology_2020_2025_monthly_24h_12z12z,113,1504934,94110,0.0625343038299354,26065,68045,26431,1384393,0.27696312825417063,0.5034859798841816,0.21623348072440082,0.04730257674032245,0.057488771775537933,0.17718581769300934,71187.25602412042,86516.8072632474
Day3,CONUS,0p5inch,ANN-CSGD,distributional_mean,mean_precipitation_ge_threshold,exceedance_probability,historical_mrms_event_frequency_climatology_2020_2025_monthly_24h_12z12z,112,1491616,92979,0.062334407783236435,23765,69214,28126,1370511,0.25559534948751866,0.5420207743153919,0.19623467239172618,0.047695365918649646,0.05736009591210278,0.16849222163545774,71143.17093011251,85559.2368240271
Day3,CONUS,0p5inch,raw_GEFS,ensemble_mean,mean_precipitation_ge_threshold,exceedance_probability,historical_mrms_event_frequency_climatology_2020_2025_monthly_24h_12z12z,112,1491616,92979,0.062334407783236435,19667,73312,20460,1378177,0.2115208810591639,0.5098811274204401,0.17337071024956144,0.04898403577512359,0.05736009591210278,0.14602590884461664,73065.37150674676,85559.2368240271
Day4,CONUS,0p5inch,ANN-CSGD,distributional_mean,mean_precipitation_ge_threshold,exceedance_probability,historical_mrms_event_frequency_climatology_2020_2025_monthly_24h_12z12z,111,1478298,92101,0.062302052766086406,17184,74917,20558,1365639,0.18657777874290182,0.5446982141910869,0.15253108939365698,0.049191000256558065,0.057344237822736364,0.14218058999025762,72718.95729726927,84771.87208487552
Day4,CONUS,0p5inch,raw_GEFS,ensemble_mean,mean_precipitation_ge_threshold,exceedance_probability,historical_mrms_event_frequency_climatology_2020_2025_monthly_24h_12z12z,111,1478298,92101,0.062302052766086406,14859,77242,16143,1370054,0.16133375316228923,0.5207083413973292,0.1372731975906286,0.05020408001812892,0.057344237822736364,0.1245139542473167,74216.59108263995,84771.87208487552
Day5,CONUS,0p5inch,ANN-CSGD,distributional_mean,mean_precipitation_ge_threshold,exceedance_probability,historical_mrms_event_frequency_climatology_2020_2025_monthly_24h_12z12z,110,1464980,91806,0.06266706712719627,10955,80851,16222,1356952,0.11932771278565671,0.5969017919564338,0.10140889399044692,0.051920434337084265,0.0577015193029912,0.10018947569734526,76062.39789514171,84531.57174849605
Day5,CONUS,0p5inch,raw_GEFS,ensemble_mean,mean_precipitation_ge_threshold,exceedance_probability,historical_mrms_event_frequency_climatology_2020_2025_monthly_24h_12z12z,110,1464980,91806,0.06266706712719627,9957,81849,14078,1359096,0.10845696359715051,0.5857291449968796,0.09403687053756941,0.05304806830290032,0.0577015193029912,0.0806469406057676,77714.3591023829,84531.57174849605
Day6,CONUS,0p5inch,ANN-CSGD,distributional_mean,mean_precipitation_ge_threshold,exceedance_probability,historical_mrms_event_frequency_climatology_2020_2025_monthly_24h_12z12z,27,359586,26018,0.07235543096783523,3070,22948,4064,329504,0.11799523406872166,0.5696663863190357,0.10205438468186956,0.06097835241315583,0.0651545577369543,0.06409690233274068,21926.961830837052,23428.66679840045
Day6,CONUS,0p5inch,raw_GEFS,ensemble_mean,mean_precipitation_ge_threshold,exceedance_probability,historical_mrms_event_frequency_climatology_2020_2025_monthly_24h_12z12z,27,359586,26018,0.07235543096783523,2990,23028,3878,329690,0.11492043969559536,0.5646476412347117,0.10001337971635,0.06197534732079891,0.0651545577369543,0.048794904402400974,22285.467241696795,23428.66679840045
Day7,CONUS,0p5inch,ANN-CSGD,distributional_mean,mean_precipitation_ge_threshold,exceedance_probability,historical_mrms_event_frequency_climatology_2020_2025_monthly_24h_12z12z,27,359586,25798,0.07174361626982141,1591,24207,2174,331614,0.06167144739902318,0.5774236387782204,0.056878306878306875,0.06208823888332554,0.06452723932463404,0.037797997664799854,22326.0614670995,23203.091879787855
Day7,CONUS,0p5inch,raw_GEFS,ensemble_mean,mean_precipitation_ge_threshold,exceedance_probability,historical_mrms_event_frequency_climatology_2020_2025_monthly_24h_12z12z,27,359586,25798,0.07174361626982141,1639,24159,2008,331780,0.06353205674858516,0.5505895256375103,0.058944112781414086,0.06319761367647404,0.06452723932463404,0.020605649057302777,22724.977111468597,23203.091879787855
Day1,CONUS,1inch,ANN-CSGD,distributional_mean,mean_precipitation_ge_threshold,exceedance_probability,historical_mrms_event_frequency_climatology_2020_2025_monthly_24h_12z12z,114,1518252,35941,0.023672618247827105,5738,30203,6192,1476119,0.15965053838234886,0.5190276613579212,0.13618778629577766,0.01934557764253953,0.022955372437789643,0.15725272177712912,29371.46194694093,34852.040114419004
Day1,CONUS,1inch,raw_GEFS,ensemble_mean,mean_precipitation_ge_threshold,exceedance_probability,historical_mrms_event_frequency_climatology_2020_2025_monthly_24h_12z12z,114,1518252,35941,0.023672618247827105,5353,30588,5199,1477112,0.14893853815976182,0.49270280515542075,0.13011667476908118,0.020056835022841793,0.022955372437789643,0.1262683680172496,30451.329887099597,34852.040114419004
Day2,CONUS,1inch,ANN-CSGD,distributional_mean,mean_precipitation_ge_threshold,exceedance_probability,historical_mrms_event_frequency_climatology_2020_2025_monthly_24h_12z12z,113,1504934,35905,0.02385818912988875,3370,32535,3541,1465488,0.09385879403982732,0.5123715815366806,0.08543325051969781,0.020204558386154883,0.02312596582871983,0.12632585658052342,30406.52687030961,34803.05225847865
Day2,CONUS,1inch,raw_GEFS,ensemble_mean,mean_precipitation_ge_threshold,exceedance_probability,historical_mrms_event_frequency_climatology_2020_2025_monthly_24h_12z12z,113,1504934,35905,0.02385818912988875,3230,32675,3449,1465580,0.0899596156524161,0.5163946698607575,0.08207551964222189,0.020913966626030227,0.02312596582871983,0.09565002469832207,31474.139450378174,34803.05225847865
Day3,CONUS,1inch,ANN-CSGD,distributional_mean,mean_precipitation_ge_threshold,exceedance_probability,historical_mrms_event_frequency_climatology_2020_2025_monthly_24h_12z12z,112,1491616,35162,0.023573091197734538,2069,33093,1922,1454532,0.058841931630737726,0.4815835630167878,0.05579225542012728,0.020472137154870312,0.022868541789887845,0.10479044344126875,30536.567334399035,34111.08283046535
Day3,CONUS,1inch,raw_GEFS,ensemble_mean,mean_precipitation_ge_threshold,exceedance_probability,historical_mrms_event_frequency_climatology_2020_2025_monthly_24h_12z12z,112,1491616,35162,0.023573091197734538,2192,32970,2484,1453970,0.06234002616460952,0.5312232677502139,0.05822663762418318,0.021115363162196154,0.022868541789887845,0.0766633327039209,31496.01353854238,34111.08283046535
Day4,CONUS,1inch,ANN-CSGD,distributional_mean,mean_precipitation_ge_threshold,exceedance_probability,historical_mrms_event_frequency_climatology_2020_2025_monthly_24h_12z12z,111,1478298,35138,0.023769226502369616,1199,33939,1633,1441527,0.0341226023108885,0.5766242937853108,0.03260721764433929,0.02104518132139704,0.02304463418528197,0.08676435684806538,31111.0494570586,34066.83662683397
Day4,CONUS,1inch,raw_GEFS,ensemble_mean,mean_precipitation_ge_threshold,exceedance_probability,historical_mrms_event_frequency_climatology_2020_2025_monthly_24h_12z12z,111,1478298,35138,0.023769226502369616,1299,33839,1878,1441282,0.036968524104957594,0.591123701605288,0.035092932785822345,0.021579915763361008,0.02304463418528197,0.06356006392396729,31901.546313145052,34066.83662683397
Day5,CONUS,1inch,ANN-CSGD,distributional_mean,mean_precipitation_ge_threshold,exceedance_probability,historical_mrms_event_frequency_climatology_2020_2025_monthly_24h_12z12z,110,1464980,34520,0.023563461617223443,285,34235,462,1429998,0.008256083429895712,0.6184738955823293,0.008147047052769996,0.021583663746981493,0.02287839194416529,0.05659174824627444,31619.635716052948,33516.38663036327
Day5,CONUS,1inch,raw_GEFS,ensemble_mean,mean_precipitation_ge_threshold,exceedance_probability,historical_mrms_event_frequency_climatology_2020_2025_monthly_24h_12z12z,110,1464980,34520,0.023563461617223443,346,34174,847,1429613,0.010023174971031286,0.7099748533109808,0.009783131167472503,0.022047670745927644,0.02287839194416529,0.03631029664431917,32299.39668936908,33516.38663036327
Day6,CONUS,1inch,ANN-CSGD,distributional_mean,mean_precipitation_ge_threshold,exceedance_probability,historical_mrms_event_frequency_climatology_2020_2025_monthly_24h_12z12z,27,359586,10620,0.029533964058667466,0,10620,0,348966,0.0,,0.0,0.027128435519221745,0.028281960298523284,0.04078659212889746,9755.00561461487,10169.796975904794
Day6,CONUS,1inch,raw_GEFS,ensemble_mean,mean_precipitation_ge_threshold,exceedance_probability,historical_mrms_event_frequency_climatology_2020_2025_monthly_24h_12z12z,27,359586,10620,0.029533964058667466,88,10532,252,348714,0.008286252354048965,0.7411764705882353,0.008094186902133923,0.027627184026841042,0.028281960298523284,0.023151728691042317,9934.348595475663,10169.796975904794
Day7,CONUS,1inch,ANN-CSGD,distributional_mean,mean_precipitation_ge_threshold,exceedance_probability,historical_mrms_event_frequency_climatology_2020_2025_monthly_24h_12z12z,27,359586,10400,0.02892214936065364,0,10400,0,349186,0.0,,0.0,0.026918525620079486,0.027669411313956352,0.02713775458960055,9679.524953621902,9949.532936740308
Day7,CONUS,1inch,raw_GEFS,ensemble_mean,mean_precipitation_ge_threshold,exceedance_probability,historical_mrms_event_frequency_climatology_2020_2025_monthly_24h_12z12z,27,359586,10400,0.02892214936065364,10,10390,16,349170,0.0009615384615384616,0.6153846153846154,0.0009600614439324117,0.02737500652428983,0.027669411313956352,0.010640081435994486,9843.669096043282,9949.532936740308
Day1,CONUS,2inch,ANN-CSGD,distributional_mean,mean_precipitation_ge_threshold,exceedance_probability,historical_mrms_event_frequency_climatology_2020_2025_monthly_24h_12z12z,114,1518252,7276,0.004792353311571465,71,7205,149,1510827,0.009758108851017043,0.6772727272727272,0.009562289562289562,0.004478591056832013,0.004779258494900136,0.06291089682404927,6799.629829217317,7256.118768399122
Day1,CONUS,2inch,raw_GEFS,ensemble_mean,mean_precipitation_ge_threshold,exceedance_probability,historical_mrms_event_frequency_climatology_2020_2025_monthly_24h_12z12z,114,1518252,7276,0.004792353311571465,186,7090,422,1510554,0.025563496426608025,0.694078947368421,0.024162120031176928,0.004600428509266082,0.004779258494900136,0.03741793540250671,6984.609785050247,7256.118768399122
Day2,CONUS,2inch,ANN-CSGD,distributional_mean,mean_precipitation_ge_threshold,exceedance_probability,historical_mrms_event_frequency_climatology_2020_2025_monthly_24h_12z12z,113,1504934,7281,0.004838085922704916,1,7280,40,1497613,0.0001373437714599643,0.975609756097561,0.00013659336156262805,0.0045939833043512025,0.004823553005501387,0.047593485733100516,6913.641670150472,7259.1289187812245
Day2,CONUS,2inch,raw_GEFS,ensemble_mean,mean_precipitation_ge_threshold,exceedance_probability,historical_mrms_event_frequency_climatology_2020_2025_monthly_24h_12z12z,113,1504934,7281,0.004838085922704916,5,7276,84,1497569,0.0006867188572998214,0.9438202247191011,0.0006788866259334691,0.004728983127107404,0.004823553005501387,0.019605854498981112,7116.807493410253,7259.1289187812245
Day3,CONUS,2inch,ANN-CSGD,distributional_mean,mean_precipitation_ge_threshold,exceedance_probability,historical_mrms_event_frequency_climatology_2020_2025_monthly_24h_12z12z,112,1491616,7130,0.004780050629652672,0,7130,0,1484486,0.0,,0.0,0.004606472813111482,0.004766593353926236,0.03359223850779358,6871.088551602096,7109.926912210037
Day3,CONUS,2inch,raw_GEFS,ensemble_mean,mean_precipitation_ge_threshold,exceedance_probability,historical_mrms_event_frequency_climatology_2020_2025_monthly_24h_12z12z,112,1491616,7130,0.004780050629652672,26,7104,41,1484445,0.0036465638148667602,0.6119402985074627,0.0036257146841444706,0.004665218019126644,0.004766593353926236,0.02126787986142953,6958.713840817609,7109.926912210037
Day4,CONUS,2inch,ANN-CSGD,distributional_mean,mean_precipitation_ge_threshold,exceedance_probability,historical_mrms_event_frequency_climatology_2020_2025_monthly_24h_12z12z,111,1478298,7199,0.004869789447053301,0,7199,0,1471099,0.0,,0.0,0.004761512418230386,0.004854764413273954,0.019208346091645012,7038.934284845143,7176.78852261406
Day4,CONUS,2inch,raw_GEFS,ensemble_mean,mean_precipitation_ge_threshold,exceedance_probability,historical_mrms_event_frequency_climatology_2020_2025_monthly_24h_12z12z,111,1478298,7199,0.004869789447053301,0,7199,21,1471078,0.0,1.0,0.0,0.004790087586969452,0.004854764413273954,0.013322340859148962,7081.176899641768,7176.78852261406
Day5,CONUS,2inch,ANN-CSGD,distributional_mean,mean_precipitation_ge_threshold,exceedance_probability,historical_mrms_event_frequency_climatology_2020_2025_monthly_24h_12z12z,110,1464980,6895,0.004706548894865459,0,6895,0,1458085,0.0,,0.0,0.004706499667768118,0.004696045742836872,-0.002226112245007794,6894.927883286938,6879.613092341161
Day5,CONUS,2inch,raw_GEFS,ensemble_mean,mean_precipitation_ge_threshold,exceedance_probability,historical_mrms_event_frequency_climatology_2020_2025_monthly_24h_12z12z,110,1464980,6895,0.004706548894865459,0,6895,0,1458085,0.0,,0.0,0.004664740132755197,0.004696045742836872,0.006666376733963308,6833.750999683709,6879.613092341161
Day6,CONUS,2inch,ANN-CSGD,distributional_mean,mean_precipitation_ge_threshold,exceedance_probability,historical_mrms_event_frequency_climatology_2020_2025_monthly_24h_12z12z,27,359586,2361,0.006565884100048389,0,2361,0,357225,0.0,,0.0,0.006696604281651938,0.006513242366366987,-0.02815217137194126,2408.005147222094,2342.0707695524393
Day6,CONUS,2inch,raw_GEFS,ensemble_mean,mean_precipitation_ge_threshold,exceedance_probability,historical_mrms_event_frequency_climatology_2020_2025_monthly_24h_12z12z,27,359586,2361,0.006565884100048389,0,2361,0,357225,0.0,,0.0,0.006481653229498235,0.006513242366366987,0.004849986395696226,2330.7117581823522,2342.0707695524393
Day7,CONUS,2inch,ANN-CSGD,distributional_mean,mean_precipitation_ge_threshold,exceedance_probability,historical_mrms_event_frequency_climatology_2020_2025_monthly_24h_12z12z,27,359586,2312,0.0064296162809453095,0,2312,0,357274,0.0,,0.0,0.0063395083888657605,0.006376193013436126,0.0057533742302127155,2279.5984635186833,2292.789740929443
Day7,CONUS,2inch,raw_GEFS,ensemble_mean,mean_precipitation_ge_threshold,exceedance_probability,historical_mrms_event_frequency_climatology_2020_2025_monthly_24h_12z12z,27,359586,2312,0.0064296162809453095,0,2312,0,357274,0.0,,0.0,0.006369904877816531,0.006376193013436126,0.0009861896599341335,2290.5286153945353,2292.789740929443
Day1,CONUS,2yr24h_ari,ANN-CSGD,distributional_mean,mean_precipitation_ge_threshold,exceedance_probability,historical_mrms_event_frequency_climatology_2020_2025_monthly_24h_12z12z,114,1453842,2415,0.0016611158571564174,69,2346,102,1451325,0.02857142857142857,0.5964912280701754,0.027413587604290822,0.0017130720037954583,0.0016647323346223113,-0.029037502406724203,2490.5360281419967,2420.2577868319704
Day1,CONUS,2yr24h_ari,raw_GEFS,ensemble_mean,mean_precipitation_ge_threshold,exceedance_probability,historical_mrms_event_frequency_climatology_2020_2025_monthly_24h_12z12z,114,1453842,2415,0.0016611158571564174,71,2344,114,1451313,0.029399585921325053,0.6162162162162163,0.02807433768287861,0.0016472997971617256,0.0016647323346223113,0.01047167589529685,2394.9136317051975,2420.2577868319704
Day2,CONUS,2yr24h_ari,ANN-CSGD,distributional_mean,mean_precipitation_ge_threshold,exceedance_probability,historical_mrms_event_frequency_climatology_2020_2025_monthly_24h_12z12z,113,1441089,2365,0.0016411200141004476,5,2360,12,1438712,0.0021141649048625794,0.7058823529411765,0.002103491796381994,0.001636139835991676,0.0016448213749052118,0.005278104386280846,2357.8231201094086,2370.333990340777
Day2,CONUS,2yr24h_ari,raw_GEFS,ensemble_mean,mean_precipitation_ge_threshold,exceedance_probability,historical_mrms_event_frequency_climatology_2020_2025_monthly_24h_12z12z,113,1441089,2365,0.0016411200141004476,4,2361,8,1438716,0.0016913319238900633,0.6666666666666666,0.001685630004214075,0.0016402701241194258,0.0016448213749052118,0.0027670182642466346,2363.775232897139,2370.333990340777
Day3,CONUS,2yr24h_ari,ANN-CSGD,distributional_mean,mean_precipitation_ge_threshold,exceedance_probability,historical_mrms_event_frequency_climatology_2020_2025_monthly_24h_12z12z,112,1428336,2350,0.0016452711406839847,1,2349,0,1425986,0.000425531914893617,0.0,0.000425531914893617,0.0016329326150767156,0.0016490280352973578,0.009760549776062333,2332.3764396882157,2355.366107824487
Day3,CONUS,2yr24h_ari,raw_GEFS,ensemble_mean,mean_precipitation_ge_threshold,exceedance_probability,historical_mrms_event_frequency_climatology_2020_2025_monthly_24h_12z12z,112,1428336,2350,0.0016452711406839847,5,2345,1,1425985,0.002127659574468085,0.16666666666666666,0.002126754572522331,0.0016347125840225872,0.0016490280352973578,0.008681144873433966,2334.918833412486,2355.366107824487
Day4,CONUS,2yr24h_ari,ANN-CSGD,distributional_mean,mean_precipitation_ge_threshold,exceedance_probability,historical_mrms_event_frequency_climatology_2020_2025_monthly_24h_12z12z,111,1415583,2395,0.0016918824258273799,0,2395,0,1413188,0.0,,0.0,0.001690905471365476,0.0016954606213553523,0.002686674012065793,2393.6170398719546,2400.0652327600737
Day4,CONUS,2yr24h_ari,raw_GEFS,ensemble_mean,mean_precipitation_ge_threshold,exceedance_probability,historical_mrms_event_frequency_climatology_2020_2025_monthly_24h_12z12z,111,1415583,2395,0.0016918824258273799,0,2395,0,1413188,0.0,,0.0,0.0016946110841906147,0.0016954606213553523,0.0005010657009884012,2398.862642391803,2400.0652327600737
Day5,CONUS,2yr24h_ari,ANN-CSGD,distributional_mean,mean_precipitation_ge_threshold,exceedance_probability,historical_mrms_event_frequency_climatology_2020_2025_monthly_24h_12z12z,110,1402830,2349,0.0016744723166741515,0,2349,0,1400481,0.0,,0.0,0.001688235660539543,0.0016780747734221918,-0.006055086029706169,2368.307631674687,2354.0536343998533
Day5,CONUS,2yr24h_ari,raw_GEFS,ensemble_mean,mean_precipitation_ge_threshold,exceedance_probability,historical_mrms_event_frequency_climatology_2020_2025_monthly_24h_12z12z,110,1402830,2349,0.0016744723166741515,0,2349,0,1400481,0.0,,0.0,0.0016868620749959718,0.0016780747734221918,-0.005236537556583043,2366.3807246665992,2354.0536343998533
Day6,CONUS,2yr24h_ari,ANN-CSGD,distributional_mean,mean_precipitation_ge_threshold,exceedance_probability,historical_mrms_event_frequency_climatology_2020_2025_monthly_24h_12z12z,27,344331,657,0.0019080477796074127,0,657,0,343674,0.0,,0.0,0.0019252102542527145,0.0019103425784660147,-0.007782727534994427,662.9095720570914,657.7901703857813
Day6,CONUS,2yr24h_ari,raw_GEFS,ensemble_mean,mean_precipitation_ge_threshold,exceedance_probability,historical_mrms_event_frequency_climatology_2020_2025_monthly_24h_12z12z,27,344331,657,0.0019080477796074127,0,657,0,343674,0.0,,0.0,0.0019208944787451224,0.0019103425784660147,-0.0055235644109343784,661.4235167607867,657.7901703857813
Day7,CONUS,2yr24h_ari,ANN-CSGD,distributional_mean,mean_precipitation_ge_threshold,exceedance_probability,historical_mrms_event_frequency_climatology_2020_2025_monthly_24h_12z12z,27,344331,668,0.0019399937850498503,0,668,0,343663,0.0,,0.0,0.0019531937759750253,0.0019419946866340958,-0.005766797107122912,672.5451660752565,668.6889724434049
Day7,CONUS,2yr24h_ari,raw_GEFS,ensemble_mean,mean_precipitation_ge_threshold,exceedance_probability,historical_mrms_event_frequency_climatology_2020_2025_monthly_24h_12z12z,27,344331,668,0.0019399937850498503,0,668,0,343663,0.0,,0.0,0.0019494648628519292,0.0019419946866340958,-0.0038466512134391895,671.2611856906676,668.6889724434049
Day1,CONUS,5yr24h_ari,ANN-CSGD,distributional_mean,mean_precipitation_ge_threshold,exceedance_probability,historical_mrms_event_frequency_climatology_2020_2025_monthly_24h_12z12z,114,1516314,919,0.0006060749950208203,2,917,13,1515382,0.002176278563656148,0.8666666666666667,0.002145922746781116,0.0012620932147657676,0.0006082886268007956,-1.0748262570739828,1913.72961085434,922.3565608588217
Day1,CONUS,5yr24h_ari,raw_GEFS,ensemble_mean,mean_precipitation_ge_threshold,exceedance_probability,historical_mrms_event_frequency_climatology_2020_2025_monthly_24h_12z12z,114,1516314,919,0.0006060749950208203,6,913,16,1515379,0.006528835690968444,0.7272727272727273,0.006417112299465241,0.0006157855467735616,0.0006082886268007956,-0.012324609802742748,933.7242455704063,922.3565608588217
Day2,CONUS,5yr24h_ari,ANN-CSGD,distributional_mean,mean_precipitation_ge_threshold,exceedance_probability,historical_mrms_event_frequency_climatology_2020_2025_monthly_24h_12z12z,113,1503013,889,0.0005914785833522398,0,889,0,1502124,0.0,,0.0,0.0014359385690104686,0.000593725583700678,-1.4185223080000973,2158.2343364241315,892.377270734707
Day2,CONUS,5yr24h_ari,raw_GEFS,ensemble_mean,mean_precipitation_ge_threshold,exceedance_probability,historical_mrms_event_frequency_climatology_2020_2025_monthly_24h_12z12z,113,1503013,889,0.0005914785833522398,0,889,1,1502123,0.0,1.0,0.0,0.0006008125916718057,0.000593725583700678,-0.011936504280234184,903.0291358464157,892.377270734707
Day3,CONUS,5yr24h_ari,ANN-CSGD,distributional_mean,mean_precipitation_ge_threshold,exceedance_probability,historical_mrms_event_frequency_climatology_2020_2025_monthly_24h_12z12z,112,1489712,889,0.0005967596421321706,0,889,0,1488823,0.0,,0.0,0.0013092019143108734,0.0005990333889519788,-1.1855241101023584,1950.3338021718798,892.3872279224303
Day3,CONUS,5yr24h_ari,raw_GEFS,ensemble_mean,mean_precipitation_ge_threshold,exceedance_probability,historical_mrms_event_frequency_climatology_2020_2025_monthly_24h_12z12z,112,1489712,889,0.0005967596421321706,0,889,1,1488822,0.0,1.0,0.0,0.0006014676172889412,0.0005990333889519788,-0.0040635937526305455,896.0135270867431,892.3872279224303
Day4,CONUS,5yr24h_ari,ANN-CSGD,distributional_mean,mean_precipitation_ge_threshold,exceedance_probability,historical_mrms_event_frequency_climatology_2020_2025_monthly_24h_12z12z,111,1476411,915,0.0006197461276026797,0,915,0,1475496,0.0,,0.0,0.0007437916992246526,0.0006219572832339189,-0.19588871981246925,1098.1422464439686,918.2645744966734
Day4,CONUS,5yr24h_ari,raw_GEFS,ensemble_mean,mean_precipitation_ge_threshold,exceedance_probability,historical_mrms_event_frequency_climatology_2020_2025_monthly_24h_12z12z,111,1476411,915,0.0006197461276026797,0,915,0,1475496,0.0,,0.0,0.0006276977438456149,0.0006219572832339189,-0.00922967021440435,926.7398536888481,918.2645744966734
Day5,CONUS,5yr24h_ari,ANN-CSGD,distributional_mean,mean_precipitation_ge_threshold,exceedance_probability,historical_mrms_event_frequency_climatology_2020_2025_monthly_24h_12z12z,110,1463110,893,0.000610343719884356,0,893,0,1462217,0.0,,0.0,0.0006445312663089787,0.0006125815374518515,-0.05215587950957201,943.0201410493298,896.2741732611785
Day5,CONUS,5yr24h_ari,raw_GEFS,ensemble_mean,mean_precipitation_ge_threshold,exceedance_probability,historical_mrms_event_frequency_climatology_2020_2025_monthly_24h_12z12z,110,1463110,893,0.000610343719884356,0,893,0,1462217,0.0,,0.0,0.0006203267968970606,0.0006125815374518515,-0.012643638392085599,907.6063398080585,896.2741732611785
Day6,CONUS,5yr24h_ari,ANN-CSGD,distributional_mean,mean_precipitation_ge_threshold,exceedance_probability,historical_mrms_event_frequency_climatology_2020_2025_monthly_24h_12z12z,27,359127,261,0.0007267623988171315,0,261,0,358866,0.0,,0.0,0.0007358362251275904,0.0007286893816846728,-0.009807805112234114,264.2586560213962,261.6920315762715
Day6,CONUS,5yr24h_ari,raw_GEFS,ensemble_mean,mean_precipitation_ge_threshold,exceedance_probability,historical_mrms_event_frequency_climatology_2020_2025_monthly_24h_12z12z,27,359127,261,0.0007267623988171315,0,261,0,358866,0.0,,0.0,0.0007368110462409534,0.0007286893816846728,-0.011145578294971203,264.6087406033749,261.6920315762715
Day7,CONUS,5yr24h_ari,ANN-CSGD,distributional_mean,mean_precipitation_ge_threshold,exceedance_probability,historical_mrms_event_frequency_climatology_2020_2025_monthly_24h_12z12z,27,359127,277,0.0007713148830358063,0,277,0,358850,0.0,,0.0,0.0007789884583226963,0.0007731130413954257,-0.007599686737486344,279.75578807205494,277.64576721721505
Day7,CONUS,5yr24h_ari,raw_GEFS,ensemble_mean,mean_precipitation_ge_threshold,exceedance_probability,historical_mrms_event_frequency_climatology_2020_2025_monthly_24h_12z12z,27,359127,277,0.0007713148830358063,0,277,0,358850,0.0,,0.0,0.0007814620467307144,0.0007731130413954257,-0.010799203852801753,280.64412045626125,277.64576721721505
Day1,Texas,0p5inch,ANN-CSGD,distributional_mean,mean_precipitation_ge_threshold,exceedance_probability,historical_mrms_event_frequency_climatology_2020_2025_monthly_24h_12z12z,114,208392,12206,0.05857230603861952,5357,6849,5619,190567,0.43888251679501883,0.5119351311953353,0.3005329593267882,0.041171496339703594,0.05510378857659191,0.25283728391057947,8579.81046522351,11483.18870905314
Day1,Texas,0p5inch,raw_GEFS,ensemble_mean,mean_precipitation_ge_threshold,exceedance_probability,historical_mrms_event_frequency_climatology_2020_2025_monthly_24h_12z12z,114,208392,12206,0.05857230603861952,4273,7933,3818,192368,0.3500737342290677,0.4718823384006921,0.26666250624063903,0.043220854627196284,0.05510378857659191,0.21564640574356975,9006.880337470688,11483.18870905314
Day2,Texas,0p5inch,ANN-CSGD,distributional_mean,mean_precipitation_ge_threshold,exceedance_probability,historical_mrms_event_frequency_climatology_2020_2025_monthly_24h_12z12z,113,206564,12334,0.059710307701245136,4439,7895,4051,190179,0.35989946489378954,0.4771495877502945,0.27091852303936526,0.04282720927537159,0.05600601141165649,0.23531049264368797,8846.559656757858,11568.825741237411
Day2,Texas,0p5inch,raw_GEFS,ensemble_mean,mean_precipitation_ge_threshold,exceedance_probability,historical_mrms_event_frequency_climatology_2020_2025_monthly_24h_12z12z,113,206564,12334,0.059710307701245136,3445,8889,2282,191948,0.27930922652829576,0.39846341889296316,0.23570060207991242,0.04394020807413643,0.05600601141165649,0.21543764737741733,9076.465140625916,11568.825741237411
Day3,Texas,0p5inch,ANN-CSGD,distributional_mean,mean_precipitation_ge_threshold,exceedance_probability,historical_mrms_event_frequency_climatology_2020_2025_monthly_24h_12z12z,112,204736,12149,0.059339832760237576,3620,8529,3634,188953,0.29796691085686067,0.5009649848359525,0.22936070455553442,0.04493491675190497,0.05576285777711583,0.1941783735060737,9199.795116118015,11416.664449855587
Day3,Texas,0p5inch,raw_GEFS,ensemble_mean,mean_precipitation_ge_threshold,exceedance_probability,historical_mrms_event_frequency_climatology_2020_2025_monthly_24h_12z12z,112,204736,12149,0.059339832760237576,2881,9268,2213,190374,0.2371388591653634,0.43443266588142915,0.20059880239520958,0.04569560752342068,0.05576285777711583,0.18053684217430088,9355.535901915056,11416.664449855587
Day4,Texas,0p5inch,ANN-CSGD,distributional_mean,mean_precipitation_ge_threshold,exceedance_probability,historical_mrms_event_frequency_climatology_2020_2025_monthly_24h_12z12z,111,202908,11517,0.05675971376190195,3403,8114,3807,187584,0.2954762524963098,0.5280166435506242,0.22206995562516313,0.043920577464001236,0.053504091393465576,0.17911740354560568,8911.836532065563,10856.408176465313
Day4,Texas,0p5inch,raw_GEFS,ensemble_mean,mean_precipitation_ge_threshold,exceedance_probability,historical_mrms_event_frequency_climatology_2020_2025_monthly_24h_12z12z,111,202908,11517,0.05675971376190195,2597,8920,2606,188785,0.2254927498480507,0.5008648856428983,0.18388444381505345,0.04448851678692089,0.053504091393465576,0.16850252703563817,9027.075964200543,10856.408176465313
Day5,Texas,0p5inch,ANN-CSGD,distributional_mean,mean_precipitation_ge_threshold,exceedance_probability,historical_mrms_event_frequency_climatology_2020_2025_monthly_24h_12z12z,110,201080,10853,0.05397354286851005,2341,8512,3219,187008,0.2157007279093338,0.5789568345323741,0.16635872654917566,0.043856351250365334,0.05126528049494341,0.1445213831475839,8818.635109423461,10308.422601923221
Day5,Texas,0p5inch,raw_GEFS,ensemble_mean,mean_precipitation_ge_threshold,exceedance_probability,historical_mrms_event_frequency_climatology_2020_2025_monthly_24h_12z12z,110,201080,10853,0.05397354286851005,1995,8858,2511,187716,0.18382014189624987,0.5572569906790945,0.14928165219994013,0.044894265090712406,0.05126528049494341,0.1242754422236978,9027.33882444045,10308.422601923221
Day6,Texas,0p5inch,ANN-CSGD,distributional_mean,mean_precipitation_ge_threshold,exceedance_probability,historical_mrms_event_frequency_climatology_2020_2025_monthly_24h_12z12z,27,49356,3116,0.06313315503687494,417,2699,652,45588,0.13382541720154043,0.6099158091674463,0.1106687898089172,0.05385482828212513,0.05810522962414281,0.07315006531273793,2658.058904692568,2867.8417133291923
Day6,Texas,0p5inch,raw_GEFS,ensemble_mean,mean_precipitation_ge_threshold,exceedance_probability,historical_mrms_event_frequency_climatology_2020_2025_monthly_24h_12z12z,27,49356,3116,0.06313315503687494,281,2835,394,45846,0.09017971758664955,0.5837037037037037,0.08005698005698006,0.05529513583255251,0.05810522962414281,0.04836214932403782,2729.1467241514615,2867.8417133291923
Day7,Texas,0p5inch,ANN-CSGD,distributional_mean,mean_precipitation_ge_threshold,exceedance_probability,historical_mrms_event_frequency_climatology_2020_2025_monthly_24h_12z12z,27,49356,3041,0.06161358294837507,232,2809,386,45929,0.076290693850707,0.6245954692556634,0.06769769477677269,0.05182708459879589,0.05645757442923754,0.08201715849917324,2557.97758745817,2786.520043529448
Day7,Texas,0p5inch,raw_GEFS,ensemble_mean,mean_precipitation_ge_threshold,exceedance_probability,historical_mrms_event_frequency_climatology_2020_2025_monthly_24h_12z12z,27,49356,3041,0.06161358294837507,158,2883,270,46045,0.05195659322591253,0.6308411214953271,0.04771972213832679,0.05261086414296845,0.05645757442923754,0.06813452978024148,2596.6618106403507,2786.520043529448
Day1,Texas,1inch,ANN-CSGD,distributional_mean,mean_precipitation_ge_threshold,exceedance_probability,historical_mrms_event_frequency_climatology_2020_2025_monthly_24h_12z12z,114,208392,5533,0.026550923260009983,1495,4038,1544,201315,0.2701969998192662,0.5080618624547548,0.21124770382930622,0.020414900672120092,0.0258432636687857,0.2100494374950852,4254.30198086445,5385.52940246559
Day1,Texas,1inch,raw_GEFS,ensemble_mean,mean_precipitation_ge_threshold,exceedance_probability,historical_mrms_event_frequency_climatology_2020_2025_monthly_24h_12z12z,114,208392,5533,0.026550923260009983,1170,4363,890,201969,0.2114585215976866,0.4320388349514563,0.1821578701541336,0.021164842072255108,0.0258432636687857,0.18103060265493232,4410.5837691213865,5385.52940246559
Day2,Texas,1inch,ANN-CSGD,distributional_mean,mean_precipitation_ge_threshold,exceedance_probability,historical_mrms_event_frequency_climatology_2020_2025_monthly_24h_12z12z,113,206564,5724,0.027710540074746808,978,4746,706,200134,0.1708595387840671,0.4192399049881235,0.152099533437014,0.02183784308210076,0.02689168336277128,0.1879332064301722,4510.912218411061,5554.853682147487
Day2,Texas,1inch,raw_GEFS,ensemble_mean,mean_precipitation_ge_threshold,exceedance_probability,historical_mrms_event_frequency_climatology_2020_2025_monthly_24h_12z12z,113,206564,5724,0.027710540074746808,784,4940,484,200356,0.13696715583508037,0.38170347003154576,0.12628865979381443,0.022843733789680798,0.02689168336277128,0.1505279352907466,4718.693026531624,5554.853682147487
Day3,Texas,1inch,ANN-CSGD,distributional_mean,mean_precipitation_ge_threshold,exceedance_probability,historical_mrms_event_frequency_climatology_2020_2025_monthly_24h_12z12z,112,204736,5581,0.027259495154735854,723,4858,784,198371,0.12954667622289912,0.5202388852023888,0.11358994501178318,0.02258190710280187,0.026492283487946768,0.14760435380830828,4623.329332599244,5423.9241521882695
Day3,Texas,1inch,raw_GEFS,ensemble_mean,mean_precipitation_ge_threshold,exceedance_probability,historical_mrms_event_frequency_climatology_2020_2025_monthly_24h_12z12z,112,204736,5581,0.027259495154735854,542,5039,612,198543,0.09711521232753986,0.5303292894280762,0.08751816567091877,0.023465934389272244,0.026492283487946768,0.11423511680491516,4804.321543122042,5423.9241521882695
Day4,Texas,1inch,ANN-CSGD,distributional_mean,mean_precipitation_ge_threshold,exceedance_probability,historical_mrms_event_frequency_climatology_2020_2025_monthly_24h_12z12z,111,202908,5338,0.026307489108364383,343,4995,448,197122,0.06425627575871112,0.5663716814159292,0.05928102315935015,0.02216305961219863,0.025579973922098504,0.13357770888687281,4497.062099792,5190.381348585163
Day4,Texas,1inch,raw_GEFS,ensemble_mean,mean_precipitation_ge_threshold,exceedance_probability,historical_mrms_event_frequency_climatology_2020_2025_monthly_24h_12z12z,111,202908,5338,0.026307489108364383,291,5047,402,197168,0.05451479955039341,0.5800865800865801,0.050696864111498256,0.022872511726811526,0.025579973922098504,0.10584303969708142,4641.015609463873,5190.381348585163
Day5,Texas,1inch,ANN-CSGD,distributional_mean,mean_precipitation_ge_threshold,exceedance_probability,historical_mrms_event_frequency_climatology_2020_2025_monthly_24h_12z12z,110,201080,4923,0.024482792918241496,142,4781,282,195875,0.028844200690635792,0.6650943396226415,0.027281460134486072,0.0215391069909683,0.023940461886946745,0.10030528681185369,4331.083633743906,4813.9480762272515
Day5,Texas,1inch,raw_GEFS,ensemble_mean,mean_precipitation_ge_threshold,exceedance_probability,historical_mrms_event_frequency_climatology_2020_2025_monthly_24h_12z12z,110,201080,4923,0.024482792918241496,68,4855,248,195909,0.013812715823684745,0.7848101265822784,0.013150261071359505,0.022131517591484007,0.023940461886946745,0.0755601251139203,4450.205557295604,4813.9480762272515
Day6,Texas,1inch,ANN-CSGD,distributional_mean,mean_precipitation_ge_threshold,exceedance_probability,historical_mrms_event_frequency_climatology_2020_2025_monthly_24h_12z12z,27,49356,1556,0.031526055596077476,0,1556,0,47800,0.0,,0.0,0.028546990880162135,0.030145654008985195,0.053031296927463,1408.9652818812824,1487.8688992674734
Day6,Texas,1inch,raw_GEFS,ensemble_mean,mean_precipitation_ge_threshold,exceedance_probability,historical_mrms_event_frequency_climatology_2020_2025_monthly_24h_12z12z,27,49356,1556,0.031526055596077476,0,1556,13,47787,0.0,1.0,0.0,0.02917441369512112,0.030145654008985195,0.032218253204080005,1439.932362336398,1487.8688992674734
Day7,Texas,1inch,ANN-CSGD,distributional_mean,mean_precipitation_ge_threshold,exceedance_probability,historical_mrms_event_frequency_climatology_2020_2025_monthly_24h_12z12z,27,49356,1508,0.030553529459437557,0,1508,0,47848,0.0,,0.0,0.02761093500396177,0.029124149695804173,0.05195738614337664,1362.7653080555372,1437.4515323861108
Day7,Texas,1inch,raw_GEFS,ensemble_mean,mean_precipitation_ge_threshold,exceedance_probability,historical_mrms_event_frequency_climatology_2020_2025_monthly_24h_12z12z,27,49356,1508,0.030553529459437557,0,1508,0,47848,0.0,,0.0,0.028184325244702775,0.029124149695804173,0.03226959279215613,1391.0655567775502,1437.4515323861108
Day1,Texas,2inch,ANN-CSGD,distributional_mean,mean_precipitation_ge_threshold,exceedance_probability,historical_mrms_event_frequency_climatology_2020_2025_monthly_24h_12z12z,114,208392,1418,0.006804483857345772,60,1358,127,206847,0.04231311706629055,0.679144385026738,0.038834951456310676,0.006138169003793342,0.006771648407349131,0.09354877357015268,1279.145315038502,1411.1573549043
Day1,Texas,2inch,raw_GEFS,ensemble_mean,mean_precipitation_ge_threshold,exceedance_probability,historical_mrms_event_frequency_climatology_2020_2025_monthly_24h_12z12z,114,208392,1418,0.006804483857345772,92,1326,158,206816,0.06488011283497884,0.632,0.0583756345177665,0.006363003190998661,0.006771648407349131,0.060346490509899375,1325.998960978593,1411.1573549043
Day2,Texas,2inch,ANN-CSGD,distributional_mean,mean_precipitation_ge_threshold,exceedance_probability,historical_mrms_event_frequency_climatology_2020_2025_monthly_24h_12z12z,113,206564,1523,0.007373017563563835,1,1522,40,205001,0.0006565988181221273,0.975609756097561,0.0006397952655150352,0.006741516455205208,0.007327998781535561,0.0800330818569619,1392.5546050530086,1513.7007403091116
Day2,Texas,2inch,raw_GEFS,ensemble_mean,mean_precipitation_ge_threshold,exceedance_probability,historical_mrms_event_frequency_climatology_2020_2025_monthly_24h_12z12z,113,206564,1523,0.007373017563563835,2,1521,81,204960,0.0013131976362442547,0.9759036144578314,0.0012468827930174563,0.007043484256037905,0.007327998781535561,0.038825678603352065,1454.9302818642138,1513.7007403091116
Day3,Texas,2inch,ANN-CSGD,distributional_mean,mean_precipitation_ge_threshold,exceedance_probability,historical_mrms_event_frequency_climatology_2020_2025_monthly_24h_12z12z,112,204736,1500,0.0073265082838387,0,1500,0,203236,0.0,,0.0,0.006840978172501278,0.007281350169473311,0.060479442235626846,1400.5945071252218,1490.7545082972879
Day3,Texas,2inch,raw_GEFS,ensemble_mean,mean_precipitation_ge_threshold,exceedance_probability,historical_mrms_event_frequency_climatology_2020_2025_monthly_24h_12z12z,112,204736,1500,0.0073265082838387,6,1494,17,203219,0.004,0.7391304347826086,0.003955174686882004,0.007057590111801021,0.007281350169473311,0.030730572279079937,1444.9427691296937,1490.7545082972879
Day4,Texas,2inch,ANN-CSGD,distributional_mean,mean_precipitation_ge_threshold,exceedance_probability,historical_mrms_event_frequency_climatology_2020_2025_monthly_24h_12z12z,111,202908,1428,0.007037672245549707,0,1428,0,201480,0.0,,0.0,0.006664889300390983,0.006996864495575337,0.04744628045809485,1352.3593581637335,1419.7197810682005
Day4,Texas,2inch,raw_GEFS,ensemble_mean,mean_precipitation_ge_threshold,exceedance_probability,historical_mrms_event_frequency_climatology_2020_2025_monthly_24h_12z12z,111,202908,1428,0.007037672245549707,0,1428,21,201459,0.0,1.0,0.0,0.006783931868751677,0.006996864495575337,0.030432578329666615,1376.5140476246654,1419.7197810682005
Day5,Texas,2inch,ANN-CSGD,distributional_mean,mean_precipitation_ge_threshold,exceedance_probability,historical_mrms_event_frequency_climatology_2020_2025_monthly_24h_12z12z,110,201080,1302,0.0064750348120151185,0,1302,0,199778,0.0,,0.0,0.006455744909360158,0.006447781992654301,-0.001234985412802203,1298.1211863741405,1296.520003082927
Day5,Texas,2inch,raw_GEFS,ensemble_mean,mean_precipitation_ge_threshold,exceedance_probability,historical_mrms_event_frequency_climatology_2020_2025_monthly_24h_12z12z,110,201080,1302,0.0064750348120151185,0,1302,0,199778,0.0,,0.0,0.006303854124678369,0.006447781992654301,0.02232207418611598,1267.5789873903266,1296.520003082927
Day6,Texas,2inch,ANN-CSGD,distributional_mean,mean_precipitation_ge_threshold,exceedance_probability,historical_mrms_event_frequency_climatology_2020_2025_monthly_24h_12z12z,27,49356,407,0.00824621120025934,0,407,0,48949,0.0,,0.0,0.00820499092925021,0.008168519656917516,-0.004464857019938595,404.96553230407335,403.16545618682096
Day6,Texas,2inch,raw_GEFS,ensemble_mean,mean_precipitation_ge_threshold,exceedance_probability,historical_mrms_event_frequency_climatology_2020_2025_monthly_24h_12z12z,27,49356,407,0.00824621120025934,0,407,0,48949,0.0,,0.0,0.008049947631479008,0.008168519656917516,0.014515729950909217,397.3132152992779,403.16545618682096
Day7,Texas,2inch,ANN-CSGD,distributional_mean,mean_precipitation_ge_threshold,exceedance_probability,historical_mrms_event_frequency_climatology_2020_2025_monthly_24h_12z12z,27,49356,387,0.007840991976659373,0,387,0,48969,0.0,,0.0,0.007650578916867332,0.007770840733739164,0.015476036762622547,377.60197302090404,383.5376152544302
Day7,Texas,2inch,raw_GEFS,ensemble_mean,mean_precipitation_ge_threshold,exceedance_probability,historical_mrms_event_frequency_climatology_2020_2025_monthly_24h_12z12z,27,49356,387,0.007840991976659373,0,387,0,48969,0.0,,0.0,0.007749364364117735,0.007770840733739164,0.0027637124935766533,382.4776275553949,383.5376152544302
Day1,Texas,2yr24h_ari,ANN-CSGD,distributional_mean,mean_precipitation_ge_threshold,exceedance_probability,historical_mrms_event_frequency_climatology_2020_2025_monthly_24h_12z12z,114,208392,370,0.0017755000191945949,24,346,28,207994,0.06486486486486487,0.5384615384615384,0.06030150753768844,0.0018476548248752148,0.0017797753763005547,-0.038139334591623886,385.03648426539576,370.8909502180252
Day1,Texas,2yr24h_ari,raw_GEFS,ensemble_mean,mean_precipitation_ge_threshold,exceedance_probability,historical_mrms_event_frequency_climatology_2020_2025_monthly_24h_12z12z,114,208392,370,0.0017755000191945949,8,362,20,208002,0.021621621621621623,0.7142857142857143,0.020512820512820513,0.0017536439492359401,0.0017797753763005547,0.014682429823774434,365.44536986917603,370.8909502180252
Day2,Texas,2yr24h_ari,ANN-CSGD,distributional_mean,mean_precipitation_ge_threshold,exceedance_probability,historical_mrms_event_frequency_climatology_2020_2025_monthly_24h_12z12z,113,206564,383,0.0018541468987819756,1,382,2,206179,0.0026109660574412533,0.6666666666666666,0.0025974025974025974,0.0018183106836426094,0.001858090658308939,0.021409060149160664,375.59752805595195,383.8146387429277
Day2,Texas,2yr24h_ari,raw_GEFS,ensemble_mean,mean_precipitation_ge_threshold,exceedance_probability,historical_mrms_event_frequency_climatology_2020_2025_monthly_24h_12z12z,113,206564,383,0.0018541468987819756,1,382,0,206181,0.0026109660574412533,0.0,0.0026109660574412533,0.0017999425349478249,0.001858090658308939,0.03129455664667902,371.8033297889625,383.8146387429277
Day3,Texas,2yr24h_ari,ANN-CSGD,distributional_mean,mean_precipitation_ge_threshold,exceedance_probability,historical_mrms_event_frequency_climatology_2020_2025_monthly_24h_12z12z,112,204736,388,0.001895123476086277,0,388,0,204348,0.0,,0.0,0.0018370721307081812,0.0018988364781510184,0.03252747045547599,376.1147997526702,388.76018519072693
Day3,Texas,2yr24h_ari,raw_GEFS,ensemble_mean,mean_precipitation_ge_threshold,exceedance_probability,historical_mrms_event_frequency_climatology_2020_2025_monthly_24h_12z12z,112,204736,388,0.001895123476086277,0,388,0,204348,0.0,,0.0,0.0018610347551303525,0.0018988364781510184,0.01990783485341252,381.02081162636784,388.76018519072693
Day4,Texas,2yr24h_ari,ANN-CSGD,distributional_mean,mean_precipitation_ge_threshold,exceedance_probability,historical_mrms_event_frequency_climatology_2020_2025_monthly_24h_12z12z,111,202908,372,0.0018333431900171505,0,372,0,202536,0.0,,0.0,0.0017877841585733272,0.0018372027969243384,0.02689884776669349,362.75570804779665,372.78314511832366
Day4,Texas,2yr24h_ari,raw_GEFS,ensemble_mean,mean_precipitation_ge_threshold,exceedance_probability,historical_mrms_event_frequency_climatology_2020_2025_monthly_24h_12z12z,111,202908,372,0.0018333431900171505,0,372,0,202536,0.0,,0.0,0.0018079271003071504,0.0018372027969243384,0.01593492926649065,366.84287206912325,372.78314511832366
Day5,Texas,2yr24h_ari,ANN-CSGD,distributional_mean,mean_precipitation_ge_threshold,exceedance_probability,historical_mrms_event_frequency_climatology_2020_2025_monthly_24h_12z12z,110,201080,359,0.0017853590610702207,0,359,0,200721,0.0,,0.0,0.0017577590410207784,0.0017894205071819708,0.01769369806265031,353.4501879684581,359.8166755841507
Day5,Texas,2yr24h_ari,raw_GEFS,ensemble_mean,mean_precipitation_ge_threshold,exceedance_probability,historical_mrms_event_frequency_climatology_2020_2025_monthly_24h_12z12z,110,201080,359,0.0017853590610702207,0,359,0,200721,0.0,,0.0,0.001770242361440365,0.0017894205071819708,0.010717517578809899,355.9603340384286,359.8166755841507
Day6,Texas,2yr24h_ari,ANN-CSGD,distributional_mean,mean_precipitation_ge_threshold,exceedance_probability,historical_mrms_event_frequency_climatology_2020_2025_monthly_24h_12z12z,27,49356,49,0.0009927870978199205,0,49,0,49307,0.0,,0.0,0.0010321889938776573,0.0010011365754436963,-0.031017165085791554,50.944719981825656,49.41209681759908
Day6,Texas,2yr24h_ari,raw_GEFS,ensemble_mean,mean_precipitation_ge_threshold,exceedance_probability,historical_mrms_event_frequency_climatology_2020_2025_monthly_24h_12z12z,27,49356,49,0.0009927870978199205,0,49,0,49307,0.0,,0.0,0.0010172225322684146,0.0010011365754436963,-0.016067694677511124,50.206035302639876,49.41209681759908
Day7,Texas,2yr24h_ari,ANN-CSGD,distributional_mean,mean_precipitation_ge_threshold,exceedance_probability,historical_mrms_event_frequency_climatology_2020_2025_monthly_24h_12z12z,27,49356,50,0.001013048058999919,0,50,0,49306,0.0,,0.0,0.0010487644864266765,0.0010213076360874429,-0.026884015519965,51.762819992075045,50.407659686731826
Day7,Texas,2yr24h_ari,raw_GEFS,ensemble_mean,mean_precipitation_ge_threshold,exceedance_probability,historical_mrms_event_frequency_climatology_2020_2025_monthly_24h_12z12z,27,49356,50,0.001013048058999919,0,50,0,49306,0.0,,0.0,0.0010424802131519695,0.0010213076360874429,-0.020730851622374313,51.45265340032861,50.407659686731826
Day1,Texas,5yr24h_ari,ANN-CSGD,distributional_mean,mean_precipitation_ge_threshold,exceedance_probability,historical_mrms_event_frequency_climatology_2020_2025_monthly_24h_12z12z,114,208392,137,0.0006574148719720527,0,137,7,208248,0.0,1.0,0.0,0.0013280705836312117,0.0006590466509635461,-1.0151389612397428,276.75928506407547,137.3400496875953
Day1,Texas,5yr24h_ari,raw_GEFS,ensemble_mean,mean_precipitation_ge_threshold,exceedance_probability,historical_mrms_event_frequency_climatology_2020_2025_monthly_24h_12z12z,114,208392,137,0.0006574148719720527,0,137,4,208251,0.0,1.0,0.0,0.0006790462421724694,0.0006590466509635461,-0.030346245109785785,141.50780449880523,137.3400496875953
Day2,Texas,5yr24h_ari,ANN-CSGD,distributional_mean,mean_precipitation_ge_threshold,exceedance_probability,historical_mrms_event_frequency_climatology_2020_2025_monthly_24h_12z12z,113,206564,141,0.0006825971611703879,0,141,0,206423,0.0,,0.0,0.0016610877224164408,0.0006842163361842899,-1.4277229796644844,343.1209242932297,141.33446326757166
Day2,Texas,5yr24h_ari,raw_GEFS,ensemble_mean,mean_precipitation_ge_threshold,exceedance_probability,historical_mrms_event_frequency_climatology_2020_2025_monthly_24h_12z12z,113,206564,141,0.0006825971611703879,0,141,0,206423,0.0,,0.0,0.0006804410762104746,0.0006842163361842899,0.00551764080183903,140.55463046634048,141.33446326757166
Day3,Texas,5yr24h_ari,ANN-CSGD,distributional_mean,mean_precipitation_ge_threshold,exceedance_probability,historical_mrms_event_frequency_climatology_2020_2025_monthly_24h_12z12z,112,204736,143,0.0006984604563926227,0,143,0,204593,0.0,,0.0,0.001315293554749976,0.000699905770422745,-0.8792437644220805,269.2879412252911,143.29590781327113
Day3,Texas,5yr24h_ari,raw_GEFS,ensemble_mean,mean_precipitation_ge_threshold,exceedance_probability,historical_mrms_event_frequency_climatology_2020_2025_monthly_24h_12z12z,112,204736,143,0.0006984604563926227,0,143,0,204593,0.0,,0.0,0.0007009407449306411,0.000699905770422745,-0.001478734069117582,143.50780435411974,143.29590781327113
Day4,Texas,5yr24h_ari,ANN-CSGD,distributional_mean,mean_precipitation_ge_threshold,exceedance_probability,historical_mrms_event_frequency_climatology_2020_2025_monthly_24h_12z12z,111,202908,138,0.0006801111833934591,0,138,0,202770,0.0,,0.0,0.000750827431729201,0.0006815967458386443,-0.10157132690734083,152.3488925173087,138.30143250462766
Day4,Texas,5yr24h_ari,raw_GEFS,ensemble_mean,mean_precipitation_ge_threshold,exceedance_probability,historical_mrms_event_frequency_climatology_2020_2025_monthly_24h_12z12z,111,202908,138,0.0006801111833934591,0,138,0,202770,0.0,,0.0,0.0006783162614655494,0.0006815967458386443,0.004812940192457371,137.6357959814517,138.30143250462766
Day5,Texas,5yr24h_ari,ANN-CSGD,distributional_mean,mean_precipitation_ge_threshold,exceedance_probability,historical_mrms_event_frequency_climatology_2020_2025_monthly_24h_12z12z,110,201080,135,0.0006713745772826736,0,135,0,200945,0.0,,0.0,0.0007181456351986747,0.0006729011199322866,-0.06723798478882159,144.4047243257495,135.30695719598418
Day5,Texas,5yr24h_ari,raw_GEFS,ensemble_mean,mean_precipitation_ge_threshold,exceedance_probability,historical_mrms_event_frequency_climatology_2020_2025_monthly_24h_12z12z,110,201080,135,0.0006713745772826736,0,135,0,200945,0.0,,0.0,0.0006755211299390142,0.0006729011199322866,-0.0038936032785785724,135.83378880813697,135.30695719598418
Day6,Texas,5yr24h_ari,ANN-CSGD,distributional_mean,mean_precipitation_ge_threshold,exceedance_probability,historical_mrms_event_frequency_climatology_2020_2025_monthly_24h_12z12z,27,49356,19,0.0003849582624199692,0,19,0,49337,0.0,,0.0,0.0003979910041971261,0.0003875219677005096,-0.027015336856225147,19.643244003153356,19.126534237826352
Day6,Texas,5yr24h_ari,raw_GEFS,ensemble_mean,mean_precipitation_ge_threshold,exceedance_probability,historical_mrms_event_frequency_climatology_2020_2025_monthly_24h_12z12z,27,49356,19,0.0003849582624199692,0,19,0,49337,0.0,,0.0,0.0003959426121683124,0.0003875219677005096,-0.02172946353923999,19.542143566179227,19.126534237826352
Day7,Texas,5yr24h_ari,ANN-CSGD,distributional_mean,mean_precipitation_ge_threshold,exceedance_probability,historical_mrms_event_frequency_climatology_2020_2025_monthly_24h_12z12z,27,49356,21,0.00042548018477996596,0,21,0,49335,0.0,,0.0,0.00043870070526792163,0.00042803839443256305,-0.024909706638567508,21.65251200920354,21.126262995613583
Day7,Texas,5yr24h_ari,raw_GEFS,ensemble_mean,mean_precipitation_ge_threshold,exceedance_probability,historical_mrms_event_frequency_climatology_2020_2025_monthly_24h_12z12z,27,49356,21,0.00042548018477996596,0,21,0,49335,0.0,,0.0,0.0004361272032878091,0.00042803839443256305,-0.01889739088935949,21.525494245473105,21.126262995613583
